0,1
"['the', 'leader', 'have', 'now', 'be', 'give', 'a', 'new', 'chance', 'and', 'let', 'us', 'hope', 'they', 'seize', 'it']","['the', 'leader', 'benefit', 'aujourd', 'hui', 'of', 'a', 'new', 'luck', 'and', 'let', 's', 'let', 'them', 'therefore', 'seize', 'it']"
"['amendment', 'no', '7', 'propose', 'certain', 'change', 'in', 'the', 'reference', 'to', 'paragraph']","['amendment', 'no', '7', 'be', 'propose', 'certain', 'change', 'in', 'the', 'reference', 'to', 'paragraph']"
"['let', 'me', 'remind', 'you', 'that', 'our', 'ally', 'include', 'fervent', 'supporter', 'of', 'this', 'tax']","['i', 'would', 'like', 'to', 'remind', 'you', 'that', 'among', 'our', 'ally', ',', 'there', 'be', 'strong', 'of', 'this', 'tax']"
"['the', 'vote', 'will', 'take', 'place', 'today', 'at', '5', '30', 'p', 'm']","['the', 'vote', 'will', 'take', 'place', 'at', '5', '30pm']"
"['the', 'fisherman', 'be', 'inactive', ',', 'tired', 'and', 'disappointed']","['the', 'fisherman', 'be', 'inactive', ',', 'tired', 'and', 'disappointed']"
"['neither', 'be', 'there', 'a', 'qualified', 'majority', 'within', 'this', 'house', 'to', 'revert', 'to', 'article', '272']","['there', 'be', 'not', 'a', 'majority', 'voting', 'in', 'parliament', 'to', 'go', 'back', 'to', 'article', '272']"
"['it', 'increase', 'the', 'power', 'of', 'the', 'big', 'country', 'at', 'the', 'expense', 'of', 'the', 'small', 'country']","['it', 'have', 'the', 'effect', 'of', 'augment', 'the', 'potency', 'of', 'the', 'big', 'country', 'to', 'the', 'detriment', 'of', 'baby']"
"['the', 'fisherman', 'be', 'inactive', ',', 'tired', 'and', 'disappointed']","['the', 'fisher', 'be', 'inactive', ',', 'tired', 'and', 'disappointed']"
"['the', 'leader', 'have', 'now', 'be', 'give', 'a', 'new', 'chance', 'and', 'let', 'us', 'hope', 'they', 'seize', 'it']","['leaders', 'now', 'have', 'another', 'chance', 'to', 'let', 'them', 'and', 'therefore', 'take']"
"['the', 'vote', 'will', 'take', 'place', 'today', 'at', '5', '30', 'p', 'm']","['the', 'vote', 'will', 'take', 'place', 'at', '17h30']"
"['there', 'must', 'be', 'a', 'balance', 'as', 'a', 'whole']","['the', 'body', 'must', 'be', 'in', 'balance']"
"['we', 'often', 'pontificate', 'here', 'about', 'be', 'the', 'representative', 'of', 'the', 'citizen', 'of', 'europe']","['we', 'be', 'proud', 'often', 'here', 'to', 'represent', 'the', 'citizen', 'of', 'europe']"
"['parliament', 'adopt', 'the', 'legislative', 'resolution']","['the', 'parliament', 'adopts', 'legislative', 'resolution']"
"['the', 'leader', 'have', 'now', 'be', 'give', 'a', 'new', 'chance', 'and', 'let', 'us', 'hope', 'they', 'seize', 'it']","['the', 'leader', 'benefit', 'aujourd', 'hui', 'd', 'a', 'new', 'chance', 'and', 'therefore', 'let', 'us', 'let', 'them', 'it', 'grab']"
"['i', 'be', 'one', 'of', 'those', 'members', 'who', 'attend', 'sitting', 'quite', 'faithfully']","['i', 'belong', 'to', 'the', 'members', 'who', 'be', 'present', 'rather', 'honourably']"
['tunisia'],['tunisia']
"['neither', 'be', 'there', 'a', 'qualified', 'majority', 'within', 'this', 'house', 'to', 'revert', 'to', 'article', '272']","['it', 'do', 'not', 'not', 'more', 'of', 'the', 'qualified', 'majority', 'in', 'this', 'parliament', 'to', 'return', 'to', 'the', 'article', '272']"
"['as', 'i', 'already', 'explain', 'during', 'second', 'reading', ',', 'there', 'be', 'a', 'crisis', 'underlie', 'this', 'directive', 'amendment']","['as', 'i', 'have', 'already', 'explain', ',', 'at', 'second', 'reading', ',', 'a', 'crisis', 'be', 'at', 'the', 'root', 'of', 'this', 'modification', 'of', 'directive']"
"['mr', 'president', ',', 'the', 'cashman', 'report', 'can', 'be', 'summarise', 'in', 'four', 'word', 'citizen', 'power', 'over', 'bureaucracy']","['mr', 'president', ',', 'the', 'cashman', 'report', 'can', 'be', 'sum', 'up', 'in', 'a', 'few', 'word', 'the', 'power', 'of', 'citizen', 'on', 'bureaucracy']"
"['amendment', 'no', '7', 'propose', 'certain', 'change', 'in', 'the', 'reference', 'to', 'paragraph']","['amendment', 'no', '7', 'proposes', 'change', 'to', 'certain', 'paragraph', 'reference']"
"['we', 'often', 'pontificate', 'here', 'about', 'be', 'the', 'representative', 'of', 'the', 'citizen', 'of', 'europe']","['we', 'take', 'pride', 'often', 'here', 'to', 'represent', 'the', 'european', 'citizen']"
"['thank', 'you', ',', 'commissioner']","['thank', 'you', ',', 'commissioner']"
"['we', 'often', 'pontificate', 'here', 'about', 'be', 'the', 'representative', 'of', 'the', 'citizen', 'of', 'europe']","['often', 'we', 'be', 'proud', 'of', 'represent', 'europe', 's', 'citizen']"
"['thank', 'you', ',', 'commissioner']","['thank', 'you', ',', 'commissioner']"
"['parliament', 'adopt', 'the', 'legislative', 'resolution']","['parliament', 'adopt', 'the', 'legislative', 'resolution']"
"['let', 'me', 'remind', 'you', 'that', 'our', 'ally', 'include', 'fervent', 'supporter', 'of', 'this', 'tax']","['i', 'want', 'to', 'say', 'to', 'you', 'that', 'among', 'our', 'ally', ',', 'there', 'be', 'fervent', 'of', 'this', 'tax']"
"['let', 'me', 'remind', 'you', 'that', 'our', 'ally', 'include', 'fervent', 'supporter', 'of', 'this', 'tax']","['i', 'insist', 'on', 'remind', 'you', 'that', 'among', 'our', 'ally', ',', 'there', 'be', 'devotee', 'of', 'this', 'tax']"
"['then', 'perhaps', 'we', 'could', 'have', 'avoid', 'a', 'catastrophe']","['perhaps', 'we', 'should', 'have', 'be', 'able', 'to', 'prevent', 'a', 'disaster']"
"['selective', 'aid', ',', 'such', 'as', 'market', 'support', 'and', 'a', 'grass', 'subsidy', ',', 'be', 'essential']","['specific', 'aid', 'as', 'the', 'support', 'of', 'the', 'market', 'or', 'the', 'premium', 'on', 'grass', 'be', 'essential']"
"['it', 'increase', 'the', 'power', 'of', 'the', 'big', 'country', 'at', 'the', 'expense', 'of', 'the', 'small', 'country']","['it', 'have', 'increase', 'the', 'power', 'of', 'the', 'large', 'country', 'to', 'the', 'detriment', 'of', 'small']"
"['that', 'provision', 'could', 'open', 'the', 'door', 'wide', 'to', 'arbitrariness']","['this', 'point', 'of', 'the', 'rule', 'of', 'procedure', 'open', 'the', 'door', 'to', 'the', 'arbitrary']"
"['maij', 'weggen', 'report', 'a5', '0323', '2000']","['relation', 'maij', 'weggen', 'a5', '0323', '2000']"
"['thank', 'you', ',', 'commissioner']","['thank', 'you', ',', 'mister', 'the', 'commissioner']"
"['we', 'often', 'pontificate', 'here', 'about', 'be', 'the', 'representative', 'of', 'the', 'citizen', 'of', 'europe']","['we', 'we', 'take', 'pride', 'often', 'here', 'of', 'represent', 'the', 'european', 'citizen']"
"['it', 'increase', 'the', 'power', 'of', 'the', 'big', 'country', 'at', 'the', 'expense', 'of', 'the', 'small', 'country']","['it', 'have', 'in', 'fact', 'increase', 'the', 'power', 'of', 'large', 'country', 'to', 'the', 'detriment', 'of', 'small']"
"['then', 'perhaps', 'we', 'could', 'have', 'avoid', 'a', 'catastrophe']","['perhaps', 'then', 'we', 'would', 'have', 'avoid', 'a', 'catastrophe']"
"['there', 'must', 'be', 'a', 'balance', 'as', 'a', 'whole']","['group', 'must', 'be', 'in', 'equilibrium']"
"['neither', 'be', 'there', 'a', 'qualified', 'majority', 'within', 'this', 'house', 'to', 'revert', 'to', 'article', '272']","['there', 'be', 'not', 'either', 'qualified', 'majority', 'within', 'this', 'parliament', 'to', 'come', 'back', 'to', 'the', 'article', '272']"
"['amendment', 'no', '7', 'propose', 'certain', 'change', 'in', 'the', 'reference', 'to', 'paragraph']","['amendment', 'no', '7', 'propose', 'certain', 'change', 'in', 'the', 'reference', 'to', 'paragraph']"
"['maij', 'weggen', 'report', 'a5', '0323', '2000']","['maij', 'weggen', 'report', 'a5', '0323', '2000']"
"['mr', 'president', ',', 'i', 'rise', 'in', 'defence', 'of', 'the', 'worker', 'in', 'the', 'industry']","['mr', 'president', ',', 'i', 'wish', 'to', 'take', 'the', 'protection', 'of', 'worker', 'of', 'this', 'sector']"
"['thank', 'you', ',', 'commissioner']","['thank', 'you', ',', 'commissioner']"
"['amendment', 'no', '7', 'propose', 'certain', 'change', 'in', 'the', 'reference', 'to', 'paragraph']","['amendment', '7', 'proposes', 'certain', 'modification', 'in', 'the', 'reference', 'to', 'the', 'paragraph']"
"['the', 'leader', 'have', 'now', 'be', 'give', 'a', 'new', 'chance', 'and', 'let', 'us', 'hope', 'they', 'seize', 'it']","['the', 'leader', 'benefit', 'today', 'of', 'a', 'new', 'chance', 'and', 'thus', 'let', 'the', 'matter']"
"['i', 'be', 'one', 'of', 'those', 'members', 'who', 'attend', 'sitting', 'quite', 'faithfully']","['i', 'be', 'one', 'of', 'the', 'members', 'who', 'be', 'rather', 'honourably', 'here']"
"['the', 'vote', 'will', 'take', 'place', 'today', 'at', '5', '30', 'p', 'm']","['the', 'vote', 'will', 'take', 'place', 'with', '17h30']"
"['it', 'increase', 'the', 'power', 'of', 'the', 'big', 'country', 'at', 'the', 'expense', 'of', 'the', 'small', 'country']","['this', 'have', 'the', 'effect', 'of', 'increase', 'the', 'power', 'of', 'the', 'large', 'country', 'at', 'the', 'expense', 'of', 'small']"
"['the', 'leader', 'have', 'now', 'be', 'give', 'a', 'new', 'chance', 'and', 'let', 'us', 'hope', 'they', 'seize', 'it']","['the', 'leader', 'profit', 'aujourd', 'hui', 'of', 'a', 'new', 'luck', 'and', 'let', 'us', 'leave', 'them', 'therefore', 'to', 'seize', 'it']"
"['thank', 'you', ',', 'commissioner']","['thank', 'you', ',', 'commissioner']"
"['parliament', 'adopt', 'the', 'legislative', 'resolution']","['the', 'parliament', 'adopt', 'the', 'legislative', 'resolution']"
['tunisia'],['tunisia']
"['mr', 'president', ',', 'the', 'cashman', 'report', 'can', 'be', 'summarise', 'in', 'four', 'word', 'citizen', 'power', 'over', 'bureaucracy']","['mr', 'president', ',', 'the', 'cashman', 'report', 'can', 'be', 'summarize', 'in', 'a', 'few', 'word', 'the', 'power', 'of', 'citizen', 'on', 'bureaucracy']"
"['neither', 'be', 'there', 'a', 'qualified', 'majority', 'within', 'this', 'house', 'to', 'revert', 'to', 'article', '272']","['there', 'be', 'no', 'more', 'qualified', 'majority', 'voting', 'in', 'this', 'parliament', 'to', 'come', 'back', 'to', 'article', '272']"
"['neither', 'be', 'there', 'a', 'qualified', 'majority', 'within', 'this', 'house', 'to', 'revert', 'to', 'article', '272']","['it', 'do', 'not', 'be', 'not', 'no', 'longer', 'a', 'majority', 'voting', 'in', 'this', 'parliament', 'to', 'return', 'to', 'the', 'article', '272']"
"['the', 'leader', 'have', 'now', 'be', 'give', 'a', 'new', 'chance', 'and', 'let', 'us', 'hope', 'they', 'seize', 'it']","['given', 'the', 'leader', 'today', 'a', 'new', 'chance', 'and', 'thus', 'let', 'the', 'approach']"
"['as', 'i', 'already', 'explain', 'during', 'second', 'reading', ',', 'there', 'be', 'a', 'crisis', 'underlie', 'this', 'directive', 'amendment']","['as', 'i', 'l', 'have', 'already', 'explain', 'in', 'second', 'reading', ',', 'a', 'crisis', 'be', 'at', 'the', 'root', 'of', 'this', 'modification', 'of', 'directive']"
"['van', 'orden', 'report', 'a5', '0241', '2000']","['van', 'orden', 'report', 'a5', '0241', '2000']"
"['then', 'perhaps', 'we', 'could', 'have', 'avoid', 'a', 'catastrophe']","['we', 'would', 'perhaps', 'then', 'able', 'prevent', 'a', 'disaster']"
"['it', 'be', 'our', 'job', 'to', 'continue', 'to', 'support', 'latvia', 'with', 'the', 'integration', 'of', 'the', 'russian', 'population']","['it', 'be', 'our', 'duty', 'to', 'continue', 'to', 'support', 'latvia', 'on', 'the', 'issue', 'of', 'the', 'integration', 'of', 'the', 'russian', 'population']"
"['parliament', 'adopt', 'the', 'legislative', 'resolution']","['parliament', 'adopt', 'the', 'legislative', 'resolution']"
"['mr', 'president', ',', 'i', 'rise', 'in', 'defence', 'of', 'the', 'worker', 'in', 'the', 'industry']","['mr', 'president', ',', 'i', 'want', 'to', 'take', 'the', 'protection', 'of', 'worker']"
"['it', 'be', 'our', 'job', 'to', 'continue', 'to', 'support', 'latvia', 'with', 'the', 'integration', 'of', 'the', 'russian', 'population']","['it', 'be', 'our', 'duty', 'to', 'continue', 'support', 'latvia', 'on', 'the', 'question', 'of', 'the', 'russian', 'population']"
"['i', 'be', 'one', 'of', 'those', 'members', 'who', 'attend', 'sitting', 'quite', 'faithfully']","['i', 'be', 'part', 'of', 'members', 'who', 'be', 'not', 'properly', 'present']"
"['maij', 'weggen', 'report', 'a5', '0323', '2000']","['maij', 'weggen', 'report', 'a5', '0323', '2000']"
"['let', 'me', 'remind', 'you', 'that', 'our', 'ally', 'include', 'fervent', 'supporter', 'of', 'this', 'tax']","['i', 'would', 'like', 'to', 'remind', 'you', 'that', 'our', 'ally', ',', 'there', 'be', 'ardent', 'supporter', 'of', 'this', 'tax']"
"['unanimous', 'decision', ',', 'and', 'hence', 'an', 'inherent', 'incapacity', 'to', 'act', ',', 'remain', 'largely', 'the', 'norm', 'in', 'the', 'council']","['we', 'preserve', 'unanimity', 'in', 'the', 'council', 'and', 'thus', 'a', 'latent', 'incapacity', 'to', 'act']"
"['it', 'increase', 'the', 'power', 'of', 'the', 'big', 'country', 'at', 'the', 'expense', 'of', 'the', 'small', 'country']","['this', 'have', 'the', 'effect', 'of', 'increase', 'the', 'power', 'of', 'the', 'large', 'country', 'at', 'the', 'expense', 'of', 'small']"
"['it', 'increase', 'the', 'power', 'of', 'the', 'big', 'country', 'at', 'the', 'expense', 'of', 'the', 'small', 'country']","['this', 'have', 'the', 'effect', 'of', 'increase', 'the', 'power', 'of', 'the', 'large', 'country', 'at', 'the', 'expense', 'of', 'small']"
"['van', 'orden', 'report', 'a5', '0241', '2000']","['van', 'orden', 'report', 'in', 'particular', 'a5', '0241', '2000']"
"['it', 'be', 'our', 'job', 'to', 'continue', 'to', 'support', 'latvia', 'with', 'the', 'integration', 'of', 'the', 'russian', 'population']","['it', 'be', 'of', 'our', 'duty', 'to', 'continue', 'support', 'the', 'latvia', 'on', 'the', 'question', 'of', 'the', 'incorporation', 'of', 'the', 'russian', 'population']"
"['van', 'orden', 'report', 'a5', '0241', '2000']","['mr', 'van', 'orden', 'report', 'a5', '0241', '2000']"
"['mr', 'president', ',', 'the', 'cashman', 'report', 'can', 'be', 'summarise', 'in', 'four', 'word', 'citizen', 'power', 'over', 'bureaucracy']","['mr', 'president', ',', 'the', 'cashman', 'report', 'ratio', 'can', 'summarize', 'himself', 'in', 'a', 'few', 'word', 'capacity', 'of', 'the', 'citizen', 'on', 'the', 'bureaucracy']"
"['amendment', 'no', '7', 'propose', 'certain', 'change', 'in', 'the', 'reference', 'to', 'paragraph']","['amendment', '7', 'proposes', 'certain', 'modification', 'in', 'the', 'reference', 'to', 'the', 'paragraph']"
"['consumers', 'will', 'lose', 'out', ',', 'employee', 'will', 'lose', 'out', ',', 'europe', 'will', 'lose', 'competitive', 'strength', 'and', 'growth']","['the', 'user', 'be', 'the', 'loser', ',', 'employee', ',', 'and', 'european', 'competitiveness', 'and', 'growth', 'r', 'gresseront']"
"['it', 'be', 'our', 'job', 'to', 'continue', 'to', 'support', 'latvia', 'with', 'the', 'integration', 'of', 'the', 'russian', 'population']","['it', 'be', 'our', 'duty', 'to', 'continue', 'to', 'support', 'the', 'latvia', 'on', 'the', 'question', 'of', 'the', 'integration', 'of', 'the', 'russian', 'population']"
"['parliament', 'adopt', 'the', 'legislative', 'resolution']","['parliament', 'adopt', 'the', 'legislative', 'resolution']"
"['that', 'provision', 'could', 'open', 'the', 'door', 'wide', 'to', 'arbitrariness']","['this', 'regulation', 'point', 'open', 'the', 'door', 'to', 'the', 'arbitrary', 'one']"
['tunisia'],['tunisia']
"['the', 'fisherman', 'be', 'inactive', ',', 'tired', 'and', 'disappointed']","['fishermen', 'be', 'inactive', ',', 'tired', 'and', 'disappointment']"
"['the', 'european', 'union', 'have', 'get', 'to', 'do', 'something', 'and', 'do', 'it', 'quickly']","['it', 'be', 'that', 'the', 'european', 'union', 'be', 'involve', 'and', 'that', 'it', 'do', 'so', 'quickly']"
"['i', 'be', 'one', 'of', 'those', 'members', 'who', 'attend', 'sitting', 'quite', 'faithfully']","['i', 'be', 'part', 'of', 'members', 'who', 'be', 'not', 'properly', 'present']"
"['it', 'increase', 'the', 'power', 'of', 'the', 'big', 'country', 'at', 'the', 'expense', 'of', 'the', 'small', 'country']","['has', 'the', 'effect', 'of', 'increase', 'the', 'power', 'of', 'the', 'large', 'at', 'the', 'expense', 'of', 'small', 'country']"
"['the', 'standard', 'be', 'scarcely', 'comparable', ',', 'let', 'alone', 'transferable']","['the', 'standard', 'be', 'hardly', 'comparable', 'and', 'even', 'less', 'transferable']"
"['the', 'fisherman', 'be', 'inactive', ',', 'tired', 'and', 'disappointed']","['the', 'fisherman', 'be', 'inactive', ',', 'tired', 'and', 'disappointed']"
"['the', 'standard', 'be', 'scarcely', 'comparable', ',', 'let', 'alone', 'transferable']","['the', 'standard', 'be', 'hardly', 'comparable', 'and', 'still', 'less', 'transferable']"
['tunisia'],['tunisia']
"['maij', 'weggen', 'report', 'a5', '0323', '2000']","['maij', 'weggen', 'report', 'a5', '0323', '2000']"
"['neither', 'be', 'there', 'a', 'qualified', 'majority', 'within', 'this', 'house', 'to', 'revert', 'to', 'article', '272']","['there', 'be', 'no', 'qualified', 'majority', 'in', 'this', 'parliament', 'to', 'go', 'back', 'to', 'article', '272']"
"['amendment', 'no', '7', 'propose', 'certain', 'change', 'in', 'the', 'reference', 'to', 'paragraph']","['the', 'amendment', '7', 'propose', 'some', 'change', 'in', 'the', 'reference', 'to', 'the', 'paragraph']"
"['parliament', 'adopt', 'the', 'legislative', 'resolution']","['parliament', 'adopt', 'the', 'legislative', 'resolution']"
"['van', 'orden', 'report', 'a5', '0241', '2000']","['report', 'van', 'orden', 'a5', '0241', '2000']"
"['mr', 'president', ',', 'i', 'rise', 'in', 'defence', 'of', 'the', 'worker', 'in', 'the', 'industry']","['mr', 'president', ',', 'i', 'would', 'like', 'to', 'make', 'the', 'defence', 'of', 'worker', 'in', 'this', 'sector']"
"['that', 'provision', 'could', 'open', 'the', 'door', 'wide', 'to', 'arbitrariness']","['this', 'point', 'of', 'the', 'payment', 'open', 'the', 'door', 'with', 'the', 'arbitrary', 'one']"
"['mr', 'president', ',', 'the', 'cashman', 'report', 'can', 'be', 'summarise', 'in', 'four', 'word', 'citizen', 'power', 'over', 'bureaucracy']","['mr', 'president', ',', 'the', 'cashman', 'report', 'can', 'be', 'sum', 'up', 'in', 'a', 'few', 'word', 'the', 'power', 'of', 'citizen', 'on', 'the', 'bureaucracy']"
"['consumers', 'will', 'lose', 'out', ',', 'employee', 'will', 'lose', 'out', ',', 'europe', 'will', 'lose', 'competitive', 'strength', 'and', 'growth']","['the', 'user', 'will', 'be', 'the', 'loser', ',', 'with', 'the', 'employee', ',', 'and', 'european', 'competitiveness', 'and', 'growth', 'will', 'regress']"
"['it', 'increase', 'the', 'power', 'of', 'the', 'big', 'country', 'at', 'the', 'expense', 'of', 'the', 'small', 'country']","['this', 'have', 'the', 'effect', 'of', 'increase', 'the', 'power', 'of', 'large', 'country', 'at', 'the', 'expense', 'of', 'small']"
"['neither', 'be', 'there', 'a', 'qualified', 'majority', 'within', 'this', 'house', 'to', 'revert', 'to', 'article', '272']","['there', 'be', 'no', 'qualified', 'majority', 'in', 'this', 'parliament', 'to', 'go', 'back', 'to', 'article', '272']"
"['i', 'be', 'one', 'of', 'those', 'members', 'who', 'attend', 'sitting', 'quite', 'faithfully']","['i', 'be', 'one', 'of', 'those', 'members', 'who', 'be', 'rather', 'honourably', 'here']"
"['it', 'be', 'our', 'job', 'to', 'continue', 'to', 'support', 'latvia', 'with', 'the', 'integration', 'of', 'the', 'russian', 'population']","['it', 'be', 'our', 'duty', 'to', 'continue', 'to', 'support', 'latvia', 'on', 'the', 'issue', 'of', 'the', 'integration', 'of', 'the', 'russian', 'population']"
"['the', 'leader', 'have', 'now', 'be', 'give', 'a', 'new', 'chance', 'and', 'let', 'us', 'hope', 'they', 'seize', 'it']","['the', 'leader', 'have', 'today', 'of', 'a', 'new', 'opportunity', 'and', 'let', 'them', 'therefore', 'seize']"
"['selective', 'aid', ',', 'such', 'as', 'market', 'support', 'and', 'a', 'grass', 'subsidy', ',', 'be', 'essential']","['specific', 'assistance', 'like', 'the', 'support', 'of', 'the', 'market', 'or', 'the', 'premium', 'with', 'grass', 'be', 'essential']"
"['i', 'be', 'one', 'of', 'those', 'members', 'who', 'attend', 'sitting', 'quite', 'faithfully']","['i', 'be', 'one', 'of', 'the', 'members', 'of', 'parliament', 'who', 'be', 'rather', 'present']"
"['the', 'fisherman', 'be', 'inactive', ',', 'tired', 'and', 'disappointed']","['the', 'fisherman', 'be', 'inactive', ',', 'tired', 'and', 'disappointed']"
"['there', 'must', 'be', 'a', 'balance', 'as', 'a', 'whole']","['the', 'whole', 'must', 'be', 'in', 'balance']"
"['mr', 'president', ',', 'i', 'rise', 'in', 'defence', 'of', 'the', 'worker', 'in', 'the', 'industry']","['mr', 'president', ',', 'i', 'would', 'like', 'to', 'take', 'the', 'defence', 'of', 'worker', 'in', 'this', 'sector']"
"['then', 'perhaps', 'we', 'could', 'have', 'avoid', 'a', 'catastrophe']","['perhaps', 'we', 'would', 'then', 'have', 'to', 'avoid', 'a', 'disaster']"
"['the', 'european', 'union', 'have', 'get', 'to', 'do', 'something', 'and', 'do', 'it', 'quickly']","['it', 'suit', 'that', 'the', 'european', 'union', 'imply', 'itself', 'and', 'that', 'she', 'do', 'it', 'quickly']"
['tunisia'],['tunisia']
"['there', 'must', 'be', 'a', 'balance', 'as', 'a', 'whole']","['the', 'whole', 'must', 'be', 'in', 'balance']"
"['selective', 'aid', ',', 'such', 'as', 'market', 'support', 'and', 'a', 'grass', 'subsidy', ',', 'be', 'essential']","['the', 'occasional', 'aid', 'as', 'the', 'support', 'of', 'the', 'market', 'or', 'the', 'premium', 'to', 'grass', 'be', 'essential']"
"['mr', 'president', ',', 'i', 'rise', 'in', 'defence', 'of', 'the', 'worker', 'in', 'the', 'industry']","['mr', 'president', ',', 'i', 'would', 'like', 'to', 'defend', 'worker', 'in', 'the', 'sector']"
"['the', 'vote', 'will', 'take', 'place', 'today', 'at', '5', '30', 'p', 'm']","['the', 'vote', 'will', 'take', 'place', 'at', '5', '30', 'p', 'm']"
['tunisia'],['tunisia']
"['that', 'provision', 'could', 'open', 'the', 'door', 'wide', 'to', 'arbitrariness']","['this', 'point', 'of', 'the', 'regulation', 'open', 'the', 'door', 'to', 'arbitrariness']"
"['as', 'i', 'already', 'explain', 'during', 'second', 'reading', ',', 'there', 'be', 'a', 'crisis', 'underlie', 'this', 'directive', 'amendment']","['as', 'i', 'already', 'explain', 'in', 'second', 'reading', ',', 'a', 'crisis', 'be', 'at', 'the', 'base', 'of', 'this', 'modification', 'of', 'directive']"
"['thank', 'you', ',', 'commissioner']","['thank', 'you', ',', 'commissioner']"
"['the', 'european', 'union', 'have', 'get', 'to', 'do', 'something', 'and', 'do', 'it', 'quickly']","['it', 'be', 'right', 'that', 'the', 'european', 'union', 'be', 'involve', ',', 'and', 'for', 'this', 'to', 'be', 'do', 'quickly']"
"['the', 'vote', 'will', 'take', 'place', 'today', 'at', '5', '30', 'p', 'm']","['the', 'vote', 'will', 'take', 'place', 'at', '5', '30', 'p', 'm']"
"['unanimous', 'decision', ',', 'and', 'hence', 'an', 'inherent', 'incapacity', 'to', 'act', ',', 'remain', 'largely', 'the', 'norm', 'in', 'the', 'council']","['we', 'maintain', 'the', 'unanimity', 'in', 'the', 'council', 'and', 'therefore', 'a', 'latent', 'capacity', 'to', 'act']"
"['as', 'i', 'already', 'explain', 'during', 'second', 'reading', ',', 'there', 'be', 'a', 'crisis', 'underlie', 'this', 'directive', 'amendment']","['as', 'i', 'have', 'already', 'explain', 'in', 'second', 'reading', ',', 'be', 'at', 'the', 'root', 'of', 'this', 'directive']"
"['mr', 'president', ',', 'i', 'rise', 'in', 'defence', 'of', 'the', 'worker', 'in', 'the', 'industry']","['mr', 'president', ',', 'i', 'hold', 'to', 'the', 'defence', 'of', 'worker', 'in', 'this', 'sector']"
"['it', 'be', 'our', 'job', 'to', 'continue', 'to', 'support', 'latvia', 'with', 'the', 'integration', 'of', 'the', 'russian', 'population']","['it', 'be', 'our', 'duty', 'to', 'continue', 'to', 'support', 'the', 'latvia', 'on', 'the', 'issue', 'of', 'the', 'integration', 'of', 'the', 'russian', 'population']"
"['maij', 'weggen', 'report', 'a5', '0323', '2000']","['maij', 'weggen', 'report', '5', '2000']"
"['thank', 'you', ',', 'commissioner']","['thank', 'you', ',', 'mister', 'the', 'commissioner']"
"['van', 'orden', 'report', 'a5', '0241', '2000']","['van', 'orden', 'report', 'a5', '0241', '2000']"
"['mr', 'president', ',', 'the', 'cashman', 'report', 'can', 'be', 'summarise', 'in', 'four', 'word', 'citizen', 'power', 'over', 'bureaucracy']","['mr', 'president', ',', 'the', 'cashman', 'report', 'can', 'be', 'sum', 'up', 'in', 'a', 'few', 'word', 'the', 'power', 'of', 'the', 'citizen', 'on', 'bureaucracy']"
"['unfortunately', ',', 'others', 'separate', 'on', 'the', 'basis', 'of', 'accumulate', 'hatred']","['on', 'others', 'who', 'be', 'unfortunately', 'in', 'the', 'reason', 'of', 'a', 'vengeance', 'gain']"
"['as', 'i', 'already', 'explain', 'during', 'second', 'reading', ',', 'there', 'be', 'a', 'crisis', 'underlie', 'this', 'directive', 'amendment']","['as', 'i', 'have', 'already', 'explain', 'at', 'second', 'reading', ',', 'a', 'crisis', 'be', 'on', 'the', 'basis', 'of', 'this', 'amend', 'directive']"
"['the', 'standard', 'be', 'scarcely', 'comparable', ',', 'let', 'alone', 'transferable']","['the', 'standard', 'be', 'hardly', 'comparable', 'and', 'even', 'less', 'transferable']"
"['neither', 'be', 'there', 'a', 'qualified', 'majority', 'within', 'this', 'house', 'to', 'revert', 'to', 'article', '272']","['there', 'be', 'no', 'qualified', 'majority', 'in', 'this', 'parliament', 'to', 'go', 'back', 'to', 'article', '272']"
"['it', 'be', 'our', 'job', 'to', 'continue', 'to', 'support', 'latvia', 'with', 'the', 'integration', 'of', 'the', 'russian', 'population']","['it', 'be', 'of', 'our', 'duty', 'to', 'continue', 'to', 'support', 'latvia', 'on', 'the', 'question', 'of', 'the', 'integration', 'of', 'the', 'russian', 'population']"
"['unfortunately', ',', 'others', 'separate', 'on', 'the', 'basis', 'of', 'accumulate', 'hatred']","['other', 'separate', 'unfortunately', 'because', 'of', 'a', 'grudge', 'accumulate']"
"['amendment', 'no', '7', 'propose', 'certain', 'change', 'in', 'the', 'reference', 'to', 'paragraph']","['amendment', '7', 'proposes', 'certain', 'modification', 'in', 'the', 'reference', 'to', 'paragraph']"
"['that', 'provision', 'could', 'open', 'the', 'door', 'wide', 'to', 'arbitrariness']","['this', 'point', 'of', 'the', 'regulation', 'open', 'the', 'door', 'to', 'the', 'arbitrary']"
"['selective', 'aid', ',', 'such', 'as', 'market', 'support', 'and', 'a', 'grass', 'subsidy', ',', 'be', 'essential']","['the', 'specific', 'aid', 'as', 'the', 'support', 'of', 'the', 'market', 'or', 'the', 'premium', 'to', 'the', 'grass', 'be', 'necessary']"
"['the', 'vote', 'will', 'take', 'place', 'today', 'at', '5', '30', 'p', 'm']","['the', 'vote', 'will', 'take', 'place', 'at', '5', '30', 'p', 'm']"
"['the', 'standard', 'be', 'scarcely', 'comparable', ',', 'let', 'alone', 'transferable']","['the', 'standard', 'be', 'hardly', 'comparable', 'and', 'even', 'less', 'transferable']"
"['the', 'leader', 'have', 'now', 'be', 'give', 'a', 'new', 'chance', 'and', 'let', 'us', 'hope', 'they', 'seize', 'it']","['the', 'leader', 'have', 'now', 'of', 'a', 'new', 'chance', 'and', 'let', 'therefore', 'the', 'take']"
"['mr', 'president', ',', 'the', 'cashman', 'report', 'can', 'be', 'summarise', 'in', 'four', 'word', 'citizen', 'power', 'over', 'bureaucracy']","['mr', 'president', ',', 'the', 'cashman', 'report', 'can', 'be', 'sum', 'up', 'in', 'a', 'few', 'word', 'the', 'power', 'of', 'citizen', 'on', 'bureaucracy']"
"['then', 'perhaps', 'we', 'could', 'have', 'avoid', 'a', 'catastrophe']","['we', 'maybe', 'then', 'could', 'have', 'avoid', 'a', 'catastrophe']"
['tunisia'],['tunisia']
"['mr', 'president', ',', 'the', 'cashman', 'report', 'can', 'be', 'summarise', 'in', 'four', 'word', 'citizen', 'power', 'over', 'bureaucracy']","['mr', 'president', ',', 'the', 'report', 'mr', 'cashman', 's', 'can', 'be', 'summarise', 'in', 'a', 'few', 'word', 'the', 'power', 'of', 'people', 'on', 'the', 'tape']"
"['unanimous', 'decision', ',', 'and', 'hence', 'an', 'inherent', 'incapacity', 'to', 'act', ',', 'remain', 'largely', 'the', 'norm', 'in', 'the', 'council']","['we', 'have', 'the', 'unanimity', 'in', 'the', 'council', 'and', 'therefore', 'a', 'covert', 'inability', 'to', 'act']"
"['the', 'fisherman', 'be', 'inactive', ',', 'tired', 'and', 'disappointed']","['the', 'fisherman', 'be', 'inactive', ',', 'tired', 'and', 'disappointed']"
"['mr', 'president', ',', 'i', 'rise', 'in', 'defence', 'of', 'the', 'worker', 'in', 'the', 'industry']","['mister', 'the', 'president', ',', 'i', 'be', 'anxious', 'to', 'take', 'the', 'defense', 'of', 'the', 'worker', 'of', 'this', 'sector']"
"['parliament', 'adopt', 'the', 'legislative', 'resolution']","['the', 'parliament', 'adopt', 'the', 'legislative', 'resolution']"
"['consumers', 'will', 'lose', 'out', ',', 'employee', 'will', 'lose', 'out', ',', 'europe', 'will', 'lose', 'competitive', 'strength', 'and', 'growth']","['users', 'will', 'be', 'the', 'loser', ',', 'with', 'employee', ',', 'and', 'european', 'competitiveness', 'and', 'growth', 'r', 'gresseront']"
"['i', 'be', 'one', 'of', 'those', 'members', 'who', 'attend', 'sitting', 'quite', 'faithfully']","['i', 'be', 'part', 'of', 'the', 'parliamentary', 'one', 'that', 'be', 'rather', 'present', 'honorably']"
"['selective', 'aid', ',', 'such', 'as', 'market', 'support', 'and', 'a', 'grass', 'subsidy', ',', 'be', 'essential']","['the', 'specific', 'aid', 'as', 'the', 'support', 'of', 'the', 'market', 'or', 'the', 'premium', 'on', 'grass', 'be', 'essential']"
"['unanimous', 'decision', ',', 'and', 'hence', 'an', 'inherent', 'incapacity', 'to', 'act', ',', 'remain', 'largely', 'the', 'norm', 'in', 'the', 'council']","['we', 'preserve', 'the', 'unanimity', 'to', 'the', 'counsel', 'and', 'therefore', 'a', 'latent', 'inability', 'to', 'act']"
"['that', 'provision', 'could', 'open', 'the', 'door', 'wide', 'to', 'arbitrariness']","['this', 'point', 'of', 'the', 'regulation', 'open', 'the', 'door', 'to', 'the', 'arbitrary']"
"['van', 'orden', 'report', 'a5', '0241', '2000']","['van', 'orden', 'report', '5', '2000']"
"['the', 'fisherman', 'be', 'inactive', ',', 'tired', 'and', 'disappointed']","['the', 'fisherman', 'be', 'unemployed', ',', 'tired', 'and', 'disappointed']"
"['van', 'orden', 'report', 'a5', '0241', '2000']","['van', 'orden', 'report', '5', '2000']"
"['as', 'i', 'already', 'explain', 'during', 'second', 'reading', ',', 'there', 'be', 'a', 'crisis', 'underlie', 'this', 'directive', 'amendment']","['as', 'i', 'have', 'already', 'explain', 'at', 'second', 'reading', ',', 'a', 'crisis', 'be', 'on', 'the', 'basis', 'of', 'this', 'amendment', 'of', 'directive']"
"['maij', 'weggen', 'report', 'a5', '0323', '2000']","['report', 'maij', 'weggen', 'a5', '0323', '2000']"
"['consumers', 'will', 'lose', 'out', ',', 'employee', 'will', 'lose', 'out', ',', 'europe', 'will', 'lose', 'competitive', 'strength', 'and', 'growth']","['the', 'consumer', 'be', 'the', 'loser', ',', 'with', 'the', 'employee', ',', 'and', 'the', 'competitiveness', 'and', 'the', 'growth', 'european', 'r', 'gresseront']"
"['van', 'orden', 'report', 'a5', '0241', '2000']","['report', 'horsebox', 'orden', 'a5', '0241', '2000']"
"['unfortunately', ',', 'others', 'separate', 'on', 'the', 'basis', 'of', 'accumulate', 'hatred']","['some', 'separate', 'themselves', 'unfortunately', 'in', 'view', 'of', 'a', 'grudge', 'gain']"
['tunisia'],['tunisia']
"['we', 'often', 'pontificate', 'here', 'about', 'be', 'the', 'representative', 'of', 'the', 'citizen', 'of', 'europe']","['we', 'ourselves', 'often', 'represent', 'european', 'citizen']"
"['consumers', 'will', 'lose', 'out', ',', 'employee', 'will', 'lose', 'out', ',', 'europe', 'will', 'lose', 'competitive', 'strength', 'and', 'growth']","['users', 'will', 'be', 'the', 'loser', ',', 'with', 'employee', ',', 'and', 'r', 'gresseront', 'european', 'competitiveness', 'and', 'growth']"
"['unanimous', 'decision', ',', 'and', 'hence', 'an', 'inherent', 'incapacity', 'to', 'act', ',', 'remain', 'largely', 'the', 'norm', 'in', 'the', 'council']","['we', 'maintain', 'unanimity', 'in', 'council', 'and', 'therefore', 'a', 'latent', 'inability', 'to', 'act']"
"['mr', 'president', ',', 'i', 'rise', 'in', 'defence', 'of', 'the', 'worker', 'in', 'the', 'industry']","['mr', 'president', ',', 'i', 'would', 'like', 'to', 'take', 'the', 'defence', 'of', 'worker', 'in', 'this', 'sector']"
"['unanimous', 'decision', ',', 'and', 'hence', 'an', 'inherent', 'incapacity', 'to', 'act', ',', 'remain', 'largely', 'the', 'norm', 'in', 'the', 'council']","['we', 'keep', 'unanimity', 'in', 'the', 'council', 'and', 'therefore', 'a', 'latent', 'inability', 'to', 'act']"
"['mr', 'president', ',', 'the', 'cashman', 'report', 'can', 'be', 'summarise', 'in', 'four', 'word', 'citizen', 'power', 'over', 'bureaucracy']","['mr', 'president', ',', 'the', 'report', 'cashman', 'can', 'come', 'down', 'in', 'some', 'word', 'the', 'power', 'of', 'the', 'citizen', 'on', 'officialism']"
"['mr', 'president', ',', 'i', 'rise', 'in', 'defence', 'of', 'the', 'worker', 'in', 'the', 'industry']","['mr', 'president', ',', 'i', 'would', 'like', 'to', 'take', 'the', 'protection', 'of', 'worker', 'in', 'this', 'sector']"
"['the', 'vote', 'will', 'take', 'place', 'today', 'at', '5', '30', 'p', 'm']","['the', 'vote', 'will', 'place', 'to', '17h30']"
"['parliament', 'adopt', 'the', 'legislative', 'resolution']","['parliament', 'adopt', 'the', 'legislative', 'resolution']"
"['the', 'vote', 'will', 'take', 'place', 'today', 'at', '5', '30', 'p', 'm']","['the', 'vote', 'will', 'be', 'to', '17h30']"
"['the', 'european', 'union', 'have', 'get', 'to', 'do', 'something', 'and', 'do', 'it', 'quickly']","['the', 'european', 'union', 'itself', 'and', 'do', 'so', 'quickly']"
"['there', 'must', 'be', 'a', 'balance', 'as', 'a', 'whole']","['the', 'whole', 'must', 'be', 'in', 'balance']"
"['maij', 'weggen', 'report', 'a5', '0323', '2000']","['report', 'maij', 'weggen', 'in', 'particular', 'a5', '0323', '2000']"
"['the', 'european', 'union', 'have', 'get', 'to', 'do', 'something', 'and', 'do', 'it', 'quickly']","['it', 'be', 'appropriate', 'that', 'the', 'european', 'union', 'be', 'involve', 'and', 'that', 'it', 'make', 'it', 'quickly']"
"['neither', 'be', 'there', 'a', 'qualified', 'majority', 'within', 'this', 'house', 'to', 'revert', 'to', 'article', '272']","['it', 'do', 'not', 'exist', 'not', 'more', 'qualified', 'majority', 'within', 'this', 'parliament', 'to', 'come', 'back', 'to', 'the', 'item', '272']"
"['there', 'must', 'be', 'a', 'balance', 'as', 'a', 'whole']","['all', 'must', 'be', 'balance']"
"['then', 'perhaps', 'we', 'could', 'have', 'avoid', 'a', 'catastrophe']","['we', 'would', 'perhaps', 'then', 'could', 'prevent', 'a', 'disaster']"
"['let', 'me', 'remind', 'you', 'that', 'our', 'ally', 'include', 'fervent', 'supporter', 'of', 'this', 'tax']","['i', 'would', 'remind', 'you', 'that', 'one', 'of', 'our', 'ally', ',', 'it', 'be', 'very', 'much', 'of', 'this', 'tax']"
"['unfortunately', ',', 'others', 'separate', 'on', 'the', 'basis', 'of', 'accumulate', 'hatred']","['d', 'other', 'separate', 'themselves', 'unfortunately', 'because', 'of', 'an', 'accumulated', 'grudge']"
"['that', 'provision', 'could', 'open', 'the', 'door', 'wide', 'to', 'arbitrariness']","['this', 'point', 'in', 'the', 'regulation', 'open', 'the', 'door', 'to', 'the', 'arbitrary']"
"['thank', 'you', ',', 'commissioner']","['thank', 'you', ',', 'commissioner']"
"['there', 'must', 'be', 'a', 'balance', 'as', 'a', 'whole']","['the', 'whole', 'must', 'be', 'in', 'balance']"
"['selective', 'aid', ',', 'such', 'as', 'market', 'support', 'and', 'a', 'grass', 'subsidy', ',', 'be', 'essential']","['the', 'specific', 'aid', 'as', 'the', 'support', 'of', 'the', 'market', 'or', 'the', 'premium', 'to', 'the', 'grass', 'be', 'essential']"
"['mr', 'president', ',', 'i', 'rise', 'in', 'defence', 'of', 'the', 'worker', 'in', 'the', 'industry']","['mister', 'preside', 'over', 'it', ',', 'i', 'insist', 'on', 'take', 'the', 'defense', 'of', 'the', 'worker', 'of', 'this', 'sector']"
"['it', 'increase', 'the', 'power', 'of', 'the', 'big', 'country', 'at', 'the', 'expense', 'of', 'the', 'small', 'country']","['that', 'have', 'for', 'effect', 'to', 'increase', 'the', 'power', 'of', 'the', 'big', 'country', 'to', 'the', 'detriment', 'of', 'the', 'small', 'one']"
"['let', 'me', 'remind', 'you', 'that', 'our', 'ally', 'include', 'fervent', 'supporter', 'of', 'this', 'tax']","['i', 'would', 'like', 'to', 'remind', 'you', 'that', 'one', 'of', 'our', 'ally', ',', 'there', 'be', 'ardent', 'supporter', 'of', 'this', 'tax']"
"['the', 'vote', 'will', 'take', 'place', 'today', 'at', '5', '30', 'p', 'm']","['the', 'vote', 'will', 'take', 'place', 'at', '5', '30', 'p', 'm']"
"['selective', 'aid', ',', 'such', 'as', 'market', 'support', 'and', 'a', 'grass', 'subsidy', ',', 'be', 'essential']","['the', 'occasional', 'aid', 'as', 'the', 'market', 'or', 'the', 'grass', 'be', 'essential']"
"['selective', 'aid', ',', 'such', 'as', 'market', 'support', 'and', 'a', 'grass', 'subsidy', ',', 'be', 'essential']","['specific', 'aid', 'as', 'the', 'market', 'or', 'the', 'premium', 'on', 'grass', 'be', 'essential']"
"['thank', 'you', ',', 'commissioner']","['thank', 'you', ',', 'mister', 'commissioner']"
"['we', 'often', 'pontificate', 'here', 'about', 'be', 'the', 'representative', 'of', 'the', 'citizen', 'of', 'europe']","['we', 'often', 'take', 'pride', 'here', 'to', 'represent', 'the', 'citizen', 'of', 'europe']"
['tunisia'],['tunisia']
['tunisia'],['tunisia']
"['maij', 'weggen', 'report', 'a5', '0323', '2000']","['maij', 'weggen', 'report', 'a5', '0323', '2000']"
"['mr', 'president', ',', 'the', 'cashman', 'report', 'can', 'be', 'summarise', 'in', 'four', 'word', 'citizen', 'power', 'over', 'bureaucracy']","['mr', 'president', ',', 'the', 'cashman', 'report', 'can', 'be', 'summarize', 'in', 'two', 'word', 'the', 'power', 'of', 'the', 'people', 'on', 'the', 'tape']"
"['then', 'perhaps', 'we', 'could', 'have', 'avoid', 'a', 'catastrophe']","['we', 'might', 'then', 'have', 'to', 'avoid', 'a', 'disaster']"
"['the', 'leader', 'have', 'now', 'be', 'give', 'a', 'new', 'chance', 'and', 'let', 'us', 'hope', 'they', 'seize', 'it']","['the', 'leader', 'have', 'today', 'a', 'new', 'chance', 'and', 'let', 'them', 'therefore', 'seize', 'it']"
"['the', 'fisherman', 'be', 'inactive', ',', 'tired', 'and', 'disappointed']","['the', 'fisherman', 'inactive', ',', 'be', 'tire', 'and', 'disappoint']"
"['amendment', 'no', '7', 'propose', 'certain', 'change', 'in', 'the', 'reference', 'to', 'paragraph']","['amendment', 'no', '7', 'be', 'propose', 'certain', 'amendment', 'in', 'the', 'reference', 'to', 'the', 'paragraph']"
['tunisia'],['tunisia']
"['it', 'be', 'our', 'job', 'to', 'continue', 'to', 'support', 'latvia', 'with', 'the', 'integration', 'of', 'the', 'russian', 'population']","['it', 'be', 'our', 'duty', 'to', 'continue', 'to', 'support', 'latvia', 'on', 'the', 'issue', 'of', 'the', 'integration', 'of', 'the', 'russian', 'population']"
"['parliament', 'adopt', 'the', 'legislative', 'resolution']","['parliament', 'adopt', 'the', 'legislative', 'resolution']"
"['let', 'me', 'remind', 'you', 'that', 'our', 'ally', 'include', 'fervent', 'supporter', 'of', 'this', 'tax']","['i', 'would', 'like', 'to', 'remind', 'you', 'that', 'among', 'our', 'ally', ',', 'there', 'be', 'ardent', 'supporter', 'of', 'this', 'tax']"
"['parliament', 'adopt', 'the', 'legislative', 'resolution']","['parliament', 'adopt', 'the', 'legislative', 'resolution']"
"['maij', 'weggen', 'report', 'a5', '0323', '2000']","['maij', 'weggen', 'report', 'a5', '0323', '2000']"
"['unanimous', 'decision', ',', 'and', 'hence', 'an', 'inherent', 'incapacity', 'to', 'act', ',', 'remain', 'largely', 'the', 'norm', 'in', 'the', 'council']","['we', 'keep', 'unanimity', 'in', 'the', 'council', 'and', 'therefore', 'a', 'latent', 'inability', 'to', 'act']"
"['the', 'european', 'union', 'have', 'get', 'to', 'do', 'something', 'and', 'do', 'it', 'quickly']","['it', 'be', 'that', 'the', 'european', 'union', 'be', 'mean', 'and', 'that', 'it', 'be', 'do', 'very', 'soon']"
"['i', 'be', 'one', 'of', 'those', 'members', 'who', 'attend', 'sitting', 'quite', 'faithfully']","['i', 'be', 'one', 'of', 'the', 'members', 'who', 'be', 'quite', 'honourably', 'here']"
"['selective', 'aid', ',', 'such', 'as', 'market', 'support', 'and', 'a', 'grass', 'subsidy', ',', 'be', 'essential']","['punctual', 'help', 'as', 'the', 'support', 'of', 'the', 'market', 'or', 'bonus', 'in', 'the', 'grass', 'be', 'necessary']"
"['there', 'must', 'be', 'a', 'balance', 'as', 'a', 'whole']","['the', 'whole', 'must', 'be', 'balance']"
"['van', 'orden', 'report', 'a5', '0241', '2000']","['van', 'orden', 'report', 'a5', '0241', '2000']"
"['that', 'provision', 'could', 'open', 'the', 'door', 'wide', 'to', 'arbitrariness']","['this', 'point', 'of', 'the', 'regulation', 'open', 'the', 'door', 'to', 'arbitrariness']"
"['i', 'be', 'one', 'of', 'those', 'members', 'who', 'attend', 'sitting', 'quite', 'faithfully']","['i', 'be', 'part', 'of', 'parliamentarian', 'who', 'be', 'rather', 'present', 'honourably']"
"['mr', 'president', ',', 'the', 'cashman', 'report', 'can', 'be', 'summarise', 'in', 'four', 'word', 'citizen', 'power', 'over', 'bureaucracy']","['mister', 'the', 'president', ',', 'the', 'report', 'cashman', 'can', 'summarize', 'itself', 'in', 'some', 'word', 'the', 'strength', 'of', 'the', 'citizen', 'on', 'the', 'bureaucracy']"
"['the', 'european', 'union', 'have', 'get', 'to', 'do', 'something', 'and', 'do', 'it', 'quickly']","['it', 'be', 'that', 'the', 'european', 'union', 'be', 'involve', 'and', 'that', 'it', 'will', 'soon']"
"['i', 'be', 'one', 'of', 'those', 'members', 'who', 'attend', 'sitting', 'quite', 'faithfully']","['i', 'be', 'one', 'of', 'the', 'members', 'who', 'be', 'quite', 'honourably', 'here']"
"['the', 'fisherman', 'be', 'inactive', ',', 'tired', 'and', 'disappointed']","['the', 'fisherman', 'be', 'inactive', ',', 'tired', 'and', 'disappointed']"
"['the', 'european', 'union', 'have', 'get', 'to', 'do', 'something', 'and', 'do', 'it', 'quickly']","['it', 'be', 'right', 'that', 'the', 'european', 'union', 'be', 'it', 'entail', ',', 'and', 'do', 'so', 'quickly']"
"['mr', 'president', ',', 'i', 'rise', 'in', 'defence', 'of', 'the', 'worker', 'in', 'the', 'industry']","['mr', 'president', ',', 'i', 'want', 'to', 'stand', 'up', 'for', 'worker', 'of', 'this', 'area']"
"['there', 'must', 'be', 'a', 'balance', 'as', 'a', 'whole']","['the', 'unit', 'must', 'be', 'in', 'balance']"
"['unanimous', 'decision', ',', 'and', 'hence', 'an', 'inherent', 'incapacity', 'to', 'act', ',', 'remain', 'largely', 'the', 'norm', 'in', 'the', 'council']","['we', 'keep', 'l', 'unanimity', 'in', 'council', 'and', 'therefore', 'a', 'latent', 'inability', 'to', 'act']"
"['the', 'standard', 'be', 'scarcely', 'comparable', ',', 'let', 'alone', 'transferable']","['norms', 'be', 'barely', 'comparable', 'and', 'even', 'less', 'alienable']"
"['the', 'leader', 'have', 'now', 'be', 'give', 'a', 'new', 'chance', 'and', 'let', 'us', 'hope', 'they', 'seize', 'it']","['the', 'leader', 'be', 'here', 'today', 'to', 'a', 'new', 'chance', 'and', 'let', 'them', 'therefore', 'the', 'take']"
"['mr', 'president', ',', 'i', 'rise', 'in', 'defence', 'of', 'the', 'worker', 'in', 'the', 'industry']","['mr', 'president', ',', 'i', 'make', 'a', 'point', 'of', 'take', 'the', 'defense', 'of', 'the', 'worker', 'of', 'this', 'sector']"
['tunisia'],['tunisia']
"['neither', 'be', 'there', 'a', 'qualified', 'majority', 'within', 'this', 'house', 'to', 'revert', 'to', 'article', '272']","['there', 'be', 'no', 'qualified', 'majority', 'in', 'this', 'parliament', 'to', 'go', 'back', 'to', 'article', '272']"
"['unanimous', 'decision', ',', 'and', 'hence', 'an', 'inherent', 'incapacity', 'to', 'act', ',', 'remain', 'largely', 'the', 'norm', 'in', 'the', 'council']","['we', 'keep', 'unanimity', 'in', 'the', 'council', 'and', 'thus', 'a', 'latent', 'failure', 'to', 'act']"
"['maij', 'weggen', 'report', 'a5', '0323', '2000']","['the', 'report', 'maij', 'weggen', ',', 'a5', '0323', '2000']"
"['mr', 'president', ',', 'the', 'cashman', 'report', 'can', 'be', 'summarise', 'in', 'four', 'word', 'citizen', 'power', 'over', 'bureaucracy']","['mr', 'president', ',', 'the', 'cashman', 'report', 'can', 'be', 'sum', 'up', 'in', 'a', 'few', 'word', 'the', 'power', 'of', 'citizen', 'on', 'bureaucracy']"
"['we', 'often', 'pontificate', 'here', 'about', 'be', 'the', 'representative', 'of', 'the', 'citizen', 'of', 'europe']","['we', 'we', 'pride', 'often', 'here', 'of', 'represent', 'the', 'european', 'citizen']"
"['maij', 'weggen', 'report', 'a5', '0323', '2000']","['maij', 'weggen', 'report', 'a5', '0323', '2000']"
"['that', 'provision', 'could', 'open', 'the', 'door', 'wide', 'to', 'arbitrariness']","['this', 'point', 'of', 'procedure', 'open', 'the', 'door', 'to', 'the', 'arbitrary']"
"['unfortunately', ',', 'others', 'separate', 'on', 'the', 'basis', 'of', 'accumulate', 'hatred']","['other', 'separate', 'unfortunately', 'because', 'of', 'an', 'accumulated', 'resentment']"
"['let', 'me', 'remind', 'you', 'that', 'our', 'ally', 'include', 'fervent', 'supporter', 'of', 'this', 'tax']","['i', 'want', 'to', 'remind', 'you', 'that', 'of', 'our', 'ally', ',', 'it', 'be', 'of', 'major', 'of', 'tax']"
"['maij', 'weggen', 'report', 'a5', '0323', '2000']","['maij', 'weggen', 'report', 'a5', '0323', '2000']"
"['the', 'leader', 'have', 'now', 'be', 'give', 'a', 'new', 'chance', 'and', 'let', 'us', 'hope', 'they', 'seize', 'it']","['the', 'leader', 'now', 'have', 'another', 'chance', 'to', 'let', 'them', 'and', 'therefore', 'seize', 'it']"
"['i', 'be', 'one', 'of', 'those', 'members', 'who', 'attend', 'sitting', 'quite', 'faithfully']","['i', 'form', 'part', 'of', 'the', 'member', 'of', 'parliament', 'who', 'be', 'rather', 'honourably', 'present']"
"['we', 'often', 'pontificate', 'here', 'about', 'be', 'the', 'representative', 'of', 'the', 'citizen', 'of', 'europe']","['we', 'often', 'enorgueillissons', 'ourselves', 'here', 'to', 'represent', 'the', 'european', 'citizen']"
"['mr', 'president', ',', 'the', 'cashman', 'report', 'can', 'be', 'summarise', 'in', 'four', 'word', 'citizen', 'power', 'over', 'bureaucracy']","['mr', 'president', ',', 'the', 'cashman', 'report', 'can', 'be', 'summarise', 'as', 'follow', 'the', 'citizen', 'on', 'bureaucracy']"
"['amendment', 'no', '7', 'propose', 'certain', 'change', 'in', 'the', 'reference', 'to', 'paragraph']","['amendment', '7', 'change', 'in', 'reference', 'to', 'paragraph']"
"['the', 'european', 'union', 'have', 'get', 'to', 'do', 'something', 'and', 'do', 'it', 'quickly']","['it', 'be', 'appropriate', 'that', 'the', 'european', 'union', 'mean', 'and', 'that', 'it', 'should', 'do', 'so', 'quickly']"
"['let', 'me', 'remind', 'you', 'that', 'our', 'ally', 'include', 'fervent', 'supporter', 'of', 'this', 'tax']","['i', 'be', 'anxious', 'to', 'recall', 'you', 'that', 'among', 'our', 'ally', ',', 'there', 'be', 'fervent', 'of', 'this', 'tax']"
"['selective', 'aid', ',', 'such', 'as', 'market', 'support', 'and', 'a', 'grass', 'subsidy', ',', 'be', 'essential']","['punctual', 'help', 'as', 'the', 'support', 'of', 'the', 'market', 'or', 'the', 'bonus', 'at', 'the', 'grass', 'be', 'essential']"
"['it', 'be', 'our', 'job', 'to', 'continue', 'to', 'support', 'latvia', 'with', 'the', 'integration', 'of', 'the', 'russian', 'population']","['it', 'be', 'our', 'duty', 'to', 'continue', 'to', 'support', 'latvia', 'on', 'the', 'issue', 'of', 'the', 'integration', 'of', 'the', 'russian', 'population']"
"['let', 'me', 'remind', 'you', 'that', 'our', 'ally', 'include', 'fervent', 'supporter', 'of', 'this', 'tax']","['i', 'would', 'remind', 'you', 'that', 'our', 'ally', ',', 'devotee', 'of', 'this', 'tax']"
"['amendment', 'no', '7', 'propose', 'certain', 'change', 'in', 'the', 'reference', 'to', 'paragraph']","['amendment', 'no', '7', 'be', 'propose', 'certain', 'change', 'in', 'the', 'reference', 'to', 'paragraph']"
"['the', 'leader', 'have', 'now', 'be', 'give', 'a', 'new', 'chance', 'and', 'let', 'us', 'hope', 'they', 'seize', 'it']","['the', 'leader', 'be', 'today', 'a', 'new', 'chance', 'and', 'thus', 'let']"
"['neither', 'be', 'there', 'a', 'qualified', 'majority', 'within', 'this', 'house', 'to', 'revert', 'to', 'article', '272']","['there', 'do', 'not', 'exist', 'either', 'of', 'majority', 'qualify', 'within', 'this', 'parliament', 'to', 'return', 'in', 'article', '272']"
"['the', 'vote', 'will', 'take', 'place', 'today', 'at', '5', '30', 'p', 'm']","['the', 'vote', 'will', 'take', 'place', 'at', '17h30']"
"['we', 'often', 'pontificate', 'here', 'about', 'be', 'the', 'representative', 'of', 'the', 'citizen', 'of', 'europe']","['we', 'be', 'proud', 'often', 'of', 'represent', 'the', 'european', 'citizen', 'here']"
"['unanimous', 'decision', ',', 'and', 'hence', 'an', 'inherent', 'incapacity', 'to', 'act', ',', 'remain', 'largely', 'the', 'norm', 'in', 'the', 'council']","['we', 'maintain', 'unanimity', 'in', 'the', 'council', 'and', 'therefore', 'a', 'latent', 'inability', 'to', 'act']"
"['maij', 'weggen', 'report', 'a5', '0323', '2000']","['report', 'maij', 'weggen', 'a5', '0323', '2000']"
"['unfortunately', ',', 'others', 'separate', 'on', 'the', 'basis', 'of', 'accumulate', 'hatred']","['others', 'separate', 'unfortunately', 'because', 'of', 'an', 'accumulated', 'resentment']"
"['parliament', 'adopt', 'the', 'legislative', 'resolution']","[',', 'the', 'parliament', 'adopt', 'the', 'legislative', 'resolution']"
"['selective', 'aid', ',', 'such', 'as', 'market', 'support', 'and', 'a', 'grass', 'subsidy', ',', 'be', 'essential']","['specific', 'aid', ',', 'support', 'or', 'market', 'at', 'grass', 'be', 'essential']"
"['selective', 'aid', ',', 'such', 'as', 'market', 'support', 'and', 'a', 'grass', 'subsidy', ',', 'be', 'essential']","['support', 'specific', 'as', 'the', 'support', 'of', 'the', 'market', 'or', 'the', 'premium', 'to', 'the', 'grass', 'be', 'necessary']"
"['selective', 'aid', ',', 'such', 'as', 'market', 'support', 'and', 'a', 'grass', 'subsidy', ',', 'be', 'essential']","['punctual', 'assistance', 'as', 'the', 'support', 'of', 'the', 'market', 'or', 'the', 'premium', 'to', 'grass', 'be', 'essential']"
"['we', 'often', 'pontificate', 'here', 'about', 'be', 'the', 'representative', 'of', 'the', 'citizen', 'of', 'europe']","['we', 'often', 'take', 'pride', 'here', 'to', 'represent', 'the', 'citizen', 'of', 'europe']"
"['unfortunately', ',', 'others', 'separate', 'on', 'the', 'basis', 'of', 'accumulate', 'hatred']","['other', 'divide', 'unfortunately', 'because', 'of', 'a', 'grudge', 'accumulate']"
"['let', 'me', 'remind', 'you', 'that', 'our', 'ally', 'include', 'fervent', 'supporter', 'of', 'this', 'tax']","['i', 'would', 'like', 'to', 'remind', 'you', 'that', 'among', 'our', 'ally', ',', 'there', 'be', 'enthusiast', 'of', 'this', 'tax']"
"['van', 'orden', 'report', 'a5', '0241', '2000']","['report', 'van', 'orden', 'a5', '0241', '2000']"
"['i', 'be', 'one', 'of', 'those', 'members', 'who', 'attend', 'sitting', 'quite', 'faithfully']","['i', 'be', 'one', 'of', 'the', 'members', 'who', 'be', 'quite', 'honourably', 'here']"
"['the', 'standard', 'be', 'scarcely', 'comparable', ',', 'let', 'alone', 'transferable']","['the', 'standard', 'be', 'hardly', 'comparable', 'and', 'even', 'less', 'transferable']"
"['unfortunately', ',', 'others', 'separate', 'on', 'the', 'basis', 'of', 'accumulate', 'hatred']","['other', 'divide', 'unfortunately', 'because', 'of', 'a', 'grudge', 'accumulate']"
"['mr', 'president', ',', 'the', 'cashman', 'report', 'can', 'be', 'summarise', 'in', 'four', 'word', 'citizen', 'power', 'over', 'bureaucracy']","['mr', 'president', ',', 'the', 'cashman', 'report', 'can', 'be', 'sum', 'up', 'in', 'a', 'few', 'word', 'the', 'power', 'of', 'citizen', 'on', 'bureaucracy']"
"['it', 'increase', 'the', 'power', 'of', 'the', 'big', 'country', 'at', 'the', 'expense', 'of', 'the', 'small', 'country']","['that', 'have', 'as', 'effect', 'to', 'increase', 'the', 'power', 'of', 'the', 'great', 'country', 'to', 'the', 'detriment', 'of', 'the', 'small', 'one']"
"['unfortunately', ',', 'others', 'separate', 'on', 'the', 'basis', 'of', 'accumulate', 'hatred']","['others', 'be', 'part', 'unfortunately', 'because', 'of', 'a', 'rancune', 'gain']"
"['unfortunately', ',', 'others', 'separate', 'on', 'the', 'basis', 'of', 'accumulate', 'hatred']","['other', 'divide', 'unfortunately', 'due', 'to', 'a', 'accumulate', 'ill', 'will']"
"['unfortunately', ',', 'others', 'separate', 'on', 'the', 'basis', 'of', 'accumulate', 'hatred']","['other', 'diverge', 'unfortunately', 'owe', 'to', 'an', 'accumulate', 'vengeance']"
"['let', 'me', 'remind', 'you', 'that', 'our', 'ally', 'include', 'fervent', 'supporter', 'of', 'this', 'tax']","['i', 'would', 'like', 'to', 'remind', 'you', 'that', 'among', 'our', 'ally', ',', 'there', 'be', 'ardent', 'supporter', 'of', 'this', 'tax']"
"['selective', 'aid', ',', 'such', 'as', 'market', 'support', 'and', 'a', 'grass', 'subsidy', ',', 'be', 'essential']","['specific', 'aid', 'as', 'the', 'support', 'of', 'the', 'market', 'or', 'the', 'premium', 'on', 'grass', 'be', 'essential']"
"['the', 'leader', 'have', 'now', 'be', 'give', 'a', 'new', 'chance', 'and', 'let', 'us', 'hope', 'they', 'seize', 'it']","['the', 'leader', 'now', 'have', 'a', 'new', 'chance', 'and', 'let', 'them', 'therefore', 'seize', 'it']"
"['that', 'provision', 'could', 'open', 'the', 'door', 'wide', 'to', 'arbitrariness']","['this', 'point', 'of', 'the', 'regulation', 'open', 'the', 'door', 'to', 'the', 'arbitrary']"
"['unfortunately', ',', 'others', 'separate', 'on', 'the', 'basis', 'of', 'accumulate', 'hatred']","['other', 'separate', 'unfortunately', 'because', 'of', 'resentment', 'accumulate']"
"['neither', 'be', 'there', 'a', 'qualified', 'majority', 'within', 'this', 'house', 'to', 'revert', 'to', 'article', '272']","['there', 'be', 'not', 'majority', 'qualify', 'within', 'this', 'parliament', 'to', 'bring', 'back', 'to', 'the', 'article', '272', 'either']"
"['unfortunately', ',', 'others', 'separate', 'on', 'the', 'basis', 'of', 'accumulate', 'hatred']","['others', 'unfortunately', 'diverge', 'in', 'response', 'to', 'rancune', 'gain']"
"['the', 'fisherman', 'be', 'inactive', ',', 'tired', 'and', 'disappointed']","['the', 'fisherman', 'be', 'inactive', ',', 'tired', 'and', 'disappointed']"
"['mr', 'president', ',', 'i', 'rise', 'in', 'defence', 'of', 'the', 'worker', 'in', 'the', 'industry']","['mr', 'president', ',', 'i', 'wish', 'to', 'take', 'the', 'protection', 'of', 'worker', 'of', 'the', 'sector']"
"['the', 'vote', 'will', 'take', 'place', 'today', 'at', '5', '30', 'p', 'm']","['the', 'vote', 'will', 'take', 'place', 'on', '17', '30']"
"['the', 'standard', 'be', 'scarcely', 'comparable', ',', 'let', 'alone', 'transferable']","['the', 'standard', 'be', 'hardly', 'comparable', 'and', 'still', 'less', 'transferable']"
"['it', 'increase', 'the', 'power', 'of', 'the', 'big', 'country', 'at', 'the', 'expense', 'of', 'the', 'small', 'country']","['it', 'have', 'to', 'effect', 'of', 'increase', 'the', 'power', 'of', 'the', 'large', 'country', 'to', 'the', 'detriment', 'of', 'small']"
"['then', 'perhaps', 'we', 'could', 'have', 'avoid', 'a', 'catastrophe']","['we', 'could', 'perhaps', 'have', 'be', 'able', 'to', 'prevent', 'a', 'disaster']"
"['there', 'must', 'be', 'a', 'balance', 'as', 'a', 'whole']","['the', 'whole', 'must', 'be', 'in', 'balance']"
"['as', 'i', 'already', 'explain', 'during', 'second', 'reading', ',', 'there', 'be', 'a', 'crisis', 'underlie', 'this', 'directive', 'amendment']","['as', 'i', 'have', 'already', 'explain', 'to', 'us', 'at', 'second', 'reading', ',', 'a', 'crisis', 'be', 'at', 'the', 'root', 'of', 'this', 'amendment', 'to', 'directive']"
"['neither', 'be', 'there', 'a', 'qualified', 'majority', 'within', 'this', 'house', 'to', 'revert', 'to', 'article', '272']","['there', 'be', 'no', 'qualified', 'majority', 'in', 'this', 'parliament', 'to', 'go', 'back', 'to', 'article', '272']"
"['it', 'increase', 'the', 'power', 'of', 'the', 'big', 'country', 'at', 'the', 'expense', 'of', 'the', 'small', 'country']","['this', 'be', 'to', 'increase', 'the', 'power', 'of', 'the', 'large', 'country', 'at', 'the', 'expense', 'of', 'small']"
"['mr', 'president', ',', 'i', 'rise', 'in', 'defence', 'of', 'the', 'worker', 'in', 'the', 'industry']","['mr', 'president', ',', 'i', 'would', 'like', 'to', 'take', 'the', 'defence', 'of', 'worker', 'in', 'this', 'sector']"
"['there', 'must', 'be', 'a', 'balance', 'as', 'a', 'whole']","['all', 'must', 'be', 'balance']"
"['consumers', 'will', 'lose', 'out', ',', 'employee', 'will', 'lose', 'out', ',', 'europe', 'will', 'lose', 'competitive', 'strength', 'and', 'growth']","['the', 'user', 'will', 'be', 'the', 'loser', ',', 'with', 'the', 'employee', ',', 'and', 'european', 'competitiveness', 'and', 'the', 'growth', 'will', 'regress']"
"['the', 'standard', 'be', 'scarcely', 'comparable', ',', 'let', 'alone', 'transferable']","['the', 'standard', 'be', 'hardly', 'comparable', 'and', 'even', 'less', 'transferable']"
"['unfortunately', ',', 'others', 'separate', 'on', 'the', 'basis', 'of', 'accumulate', 'hatred']","['others', 'separate', 'themselves', 'unfortunately', 'because', 'of', 'an', 'amassed', 'grudge']"
"['the', 'fisherman', 'be', 'inactive', ',', 'tired', 'and', 'disappointed']","['fishermen', 'be', 'inactive', ',', 'tired', 'and', 'disappointed']"
"['the', 'european', 'union', 'have', 'get', 'to', 'do', 'something', 'and', 'do', 'it', 'quickly']","['the', 'european', 'union', 'must', 'be', 'involve', 'and', 'do', 'so', 'quickly']"
"['then', 'perhaps', 'we', 'could', 'have', 'avoid', 'a', 'catastrophe']","['we', 'might', 'then', 'have', 'to', 'avoid', 'a', 'disaster']"
"['consumers', 'will', 'lose', 'out', ',', 'employee', 'will', 'lose', 'out', ',', 'europe', 'will', 'lose', 'competitive', 'strength', 'and', 'growth']","['users', 'will', 'be', 'the', 'loser', ',', 'with', 'the', 'employee', ',', 'and', 'the', 'competitiveness', 'and', 'european', 'growth', 'r', 'gresseront']"
"['that', 'provision', 'could', 'open', 'the', 'door', 'wide', 'to', 'arbitrariness']","['this', 'pave', 'the', 'way', 'for', 'the', 'of', 'the', 'rules', 'of', 'procedure', 'here']"
"['as', 'i', 'already', 'explain', 'during', 'second', 'reading', ',', 'there', 'be', 'a', 'crisis', 'underlie', 'this', 'directive', 'amendment']","['as', 'i', 'have', 'already', 'say', 'in', 'the', 'second', 'reading', ',', 'a', 'crisis', 'be', 'at', 'the', 'basis', 'of', 'this', 'amendment', 'of', 'directive']"
"['parliament', 'adopt', 'the', 'legislative', 'resolution']","['in', 'particular', 'parliament', 'adopt', 'the', 'legislative', 'resolution']"
"['let', 'me', 'remind', 'you', 'that', 'our', 'ally', 'include', 'fervent', 'supporter', 'of', 'this', 'tax']","['i', 'would', 'like', 'to', 'remind', 'you', 'that', 'among', 'our', 'ally', ',', 'there', 'be', 'ardent', 'supporter', 'of', 'this', 'tax']"
"['as', 'i', 'already', 'explain', 'during', 'second', 'reading', ',', 'there', 'be', 'a', 'crisis', 'underlie', 'this', 'directive', 'amendment']","['as', 'i', 'have', 'already', 'explain', 'in', 'second', 'reading', ',', 'a', 'crisis', 'be', 'at', 'the', 'basis', 'of', 'this', 'modification', 'of', 'directive']"
"['it', 'be', 'our', 'job', 'to', 'continue', 'to', 'support', 'latvia', 'with', 'the', 'integration', 'of', 'the', 'russian', 'population']","['it', 'be', 'our', 'duty', 'to', 'continue', 'to', 'support', 'latvia', 'on', 'the', 'issue', 'of', 'the', 'integration', 'of', 'the', 'russian', 'population']"
"['the', 'european', 'union', 'have', 'get', 'to', 'do', 'something', 'and', 'do', 'it', 'quickly']","['it', 'be', 'important', 'that', 'the', 'european', 'union', 'itself', 'and', 'to', 'do', 'it', 'quickly']"
"['it', 'increase', 'the', 'power', 'of', 'the', 'big', 'country', 'at', 'the', 'expense', 'of', 'the', 'small', 'country']","['this', 'have', 'the', 'effect', 'of', 'increase', 'the', 'power', 'of', 'the', 'large', 'country', 'to', 'the', 'detriment', 'of', 'small']"
"['i', 'be', 'one', 'of', 'those', 'members', 'who', 'attend', 'sitting', 'quite', 'faithfully']","['i', 'be', 'one', 'of', 'the', 'members', 'who', 'be', 'quite', 'honourably', 'here']"
"['as', 'i', 'already', 'explain', 'during', 'second', 'reading', ',', 'there', 'be', 'a', 'crisis', 'underlie', 'this', 'directive', 'amendment']","['as', 'i', 'have', 'already', 'explain', 'in', 'second', 'reading', ',', 'a', 'crisis', 'be', 'to', 'the', 'basis', 'of', 'this', 'amendment', 'of', 'the', 'directive']"
"['then', 'perhaps', 'we', 'could', 'have', 'avoid', 'a', 'catastrophe']","['then', 'we', 'might', 'have', 'be', 'able', 'to', 'avoid', 'a', 'disaster']"
"['the', 'standard', 'be', 'scarcely', 'comparable', ',', 'let', 'alone', 'transferable']","['the', 'standard', 'be', 'hardly', 'comparable', 'and', 'still', 'less', 'transferable']"
['tunisia'],"['tunisia', 'be']"
"['amendment', 'no', '7', 'propose', 'certain', 'change', 'in', 'the', 'reference', 'to', 'paragraph']","['amendment', 'no', '7', 'be', 'propose', 'certain', 'change', 'in', 'the', 'reference', 'to', 'paragraph']"
"['amendment', 'no', '7', 'propose', 'certain', 'change', 'in', 'the', 'reference', 'to', 'paragraph']","['the', 'amendment', '7', 'propose', 'some', 'modification', 'in', 'the', 'reference', 'to', 'the', 'paragraph']"
"['thank', 'you', ',', 'commissioner']","['thank', 'you', ',', 'mr', 'commissioner']"
"['the', 'european', 'union', 'have', 'get', 'to', 'do', 'something', 'and', 'do', 'it', 'quickly']","['it', 'be', 'important', 'that', 'the', 'european', 'union', 'to', 'be', 'involve', 'and', 'to', 'do', 'it', 'quickly']"
"['there', 'must', 'be', 'a', 'balance', 'as', 'a', 'whole']","['the', 'whole', 'must', 'be', 'in', 'balance']"
"['unfortunately', ',', 'others', 'separate', 'on', 'the', 'basis', 'of', 'accumulate', 'hatred']","['other', 'separate', 'unfortunately', 'because', 'of', 'a', 'grudge', 'accumulate']"
"['van', 'orden', 'report', 'a5', '0241', '2000']","['relation', 'horse', 'trailer', 'orden', 'a5', '0241', '2000']"
"['the', 'leader', 'have', 'now', 'be', 'give', 'a', 'new', 'chance', 'and', 'let', 'us', 'hope', 'they', 'seize', 'it']","['the', 'leader', 'be', 'today', 'of', 'a', 'new', 'chance', 'and', 'therefore', 'let', 'us', 'take', 'it']"
"['mr', 'president', ',', 'the', 'cashman', 'report', 'can', 'be', 'summarise', 'in', 'four', 'word', 'citizen', 'power', 'over', 'bureaucracy']","['mr', 'president', ',', 'the', 'cashman', 'report', 'can', 'be', 'summarize', 'briefly', 'the', 'power', 'of', 'the', 'people', 'on', 'bureaucracy']"
"['parliament', 'adopt', 'the', 'legislative', 'resolution']","['parliament', 'adopt', 'the', 'legislative', 'resolution']"
"['the', 'european', 'union', 'have', 'get', 'to', 'do', 'something', 'and', 'do', 'it', 'quickly']","['it', 'be', 'appropriate', 'that', 'the', 'european', 'union', 'be', 'and', 'what', 'it', 'imply', 'do', 'it', 'quickly']"
"['it', 'be', 'our', 'job', 'to', 'continue', 'to', 'support', 'latvia', 'with', 'the', 'integration', 'of', 'the', 'russian', 'population']","['it', 'be', 'our', 'duty', 'to', 'continue', 'to', 'press', 'for', 'latvia', 'on', 'the', 'issue', 'of', 'the', 'integration', 'of', 'the', 'russian', 'people']"
"['unanimous', 'decision', ',', 'and', 'hence', 'an', 'inherent', 'incapacity', 'to', 'act', ',', 'remain', 'largely', 'the', 'norm', 'in', 'the', 'council']","['we', 'maintain', 'unanimity', 'in', 'the', 'council', 'and', 'therefore', 'a', 'latent', 'inability', 'to', 'act']"
"['as', 'i', 'already', 'explain', 'during', 'second', 'reading', ',', 'there', 'be', 'a', 'crisis', 'underlie', 'this', 'directive', 'amendment']","['as', 'i', 'have', 'already', 'explain', 'at', 'second', 'reading', ',', 'a', 'crisis', 'be', 'at', 'the', 'root', 'of', 'this', 'amendment', 'to', 'directive']"
"['the', 'standard', 'be', 'scarcely', 'comparable', ',', 'let', 'alone', 'transferable']","['the', 'standard', 'be', 'to', 'death', 'similar', 'and', 'even', 'less', 'transferable']"
"['the', 'european', 'union', 'have', 'get', 'to', 'do', 'something', 'and', 'do', 'it', 'quickly']","['it', 'be', 'necessary', 'that', 'the', 'european', 'union', 'get', 'involve', 'and', 'that', 'it', 'make', 'it', 'fast']"
"['it', 'increase', 'the', 'power', 'of', 'the', 'big', 'country', 'at', 'the', 'expense', 'of', 'the', 'small', 'country']","['has', 'the', 'effect', 'of', 'increase', 'the', 'power', 'of', 'the', 'large', 'country', 'at', 'the', 'expense', 'of', 'the', 'small', 'country']"
"['there', 'must', 'be', 'a', 'balance', 'as', 'a', 'whole']","['the', 'together', 'must', 'be', 'in', 'balance']"
"['the', 'vote', 'will', 'take', 'place', 'today', 'at', '5', '30', 'p', 'm']","['the', 'vote', 'will', 'take', 'place', 'at', '5', '30', 'p', 'm']"
"['it', 'be', 'our', 'job', 'to', 'continue', 'to', 'support', 'latvia', 'with', 'the', 'integration', 'of', 'the', 'russian', 'population']","['it', 'be', 'our', 'duty', 'to', 'continue', 'to', 'support', 'latvia', 'on', 'the', 'issue', 'of', 'the', 'integration', 'of', 'the', 'russian', 'population']"
"['we', 'often', 'pontificate', 'here', 'about', 'be', 'the', 'representative', 'of', 'the', 'citizen', 'of', 'europe']","['we', 'often', 'take', 'pride', 'here', 'to', 'represent', 'the', 'citizen', 'of', 'europe']"
"['thank', 'you', ',', 'commissioner']","['thank', 'you', ',', 'commissioner']"
"['amendment', 'no', '7', 'propose', 'certain', 'change', 'in', 'the', 'reference', 'to', 'paragraph']","['amendment', 'no', '7', 'propose', 'certain', 'change', 'in', 'the', 'reference', 'to', 'paragraph']"
"['unanimous', 'decision', ',', 'and', 'hence', 'an', 'inherent', 'incapacity', 'to', 'act', ',', 'remain', 'largely', 'the', 'norm', 'in', 'the', 'council']","['we', 'preserve', 'the', 'unanimity', 'at', 'the', 'council', 'and', 'thus', 'a', 'latent', 'incapacity', 'to', 'act']"
"['there', 'must', 'be', 'a', 'balance', 'as', 'a', 'whole']","['the', 'unity', 'must', 'be', 'in', 'balance']"
"['the', 'vote', 'will', 'take', 'place', 'today', 'at', '5', '30', 'p', 'm']","['the', 'vote', 'will', 'take', 'place', 'at', '5', '30', 'p', 'm']"
"['maij', 'weggen', 'report', 'a5', '0323', '2000']","['mrs', 'maij', 'weggen', 'report', 'a5', '0323', '2000']"
"['consumers', 'will', 'lose', 'out', ',', 'employee', 'will', 'lose', 'out', ',', 'europe', 'will', 'lose', 'competitive', 'strength', 'and', 'growth']","['users', 'be', 'the', 'loser', ',', 'with', 'worker', 'and', 'european', 'competitiveness', 'and', 'innovation', 'r', 'gresseront']"
"['then', 'perhaps', 'we', 'could', 'have', 'avoid', 'a', 'catastrophe']","['we', 'would', 'perhaps', 'have', 'be', 'able', 'to', 'prevent', 'a', 'disaster']"
"['mr', 'president', ',', 'the', 'cashman', 'report', 'can', 'be', 'summarise', 'in', 'four', 'word', 'citizen', 'power', 'over', 'bureaucracy']","['mr', 'president', ',', 'the', 'cashman', 'report', 'can', 'be', 'summarise', 'in', 'a', 'few', 'word', 'the', 'power', 'of', 'citizen', 'on', 'bureaucracy']"
"['as', 'i', 'already', 'explain', 'during', 'second', 'reading', ',', 'there', 'be', 'a', 'crisis', 'underlie', 'this', 'directive', 'amendment']","['as', 'i', 'have', 'already', 'explain', 'it', 'in', 'second', 'reading', ',', 'a', 'crisis', 'be', 'at', 'the', 'base', 'of', 'this', 'modification', 'of', 'directive']"
"['as', 'i', 'already', 'explain', 'during', 'second', 'reading', ',', 'there', 'be', 'a', 'crisis', 'underlie', 'this', 'directive', 'amendment']","['as', 'i', 'have', 'explain', ',', 'a', 'crisis', 'at', 'second', 'reading', 'be', 'the', 'basis', 'of', 'amendment', 'of', 'the', 'directive']"
"['we', 'often', 'pontificate', 'here', 'about', 'be', 'the', 'representative', 'of', 'the', 'citizen', 'of', 'europe']","['we', 'enorgueillissons', 'ourselves', 'often', 'here', 'to', 'represent', 'the', 'european', 'citizen']"
"['there', 'must', 'be', 'a', 'balance', 'as', 'a', 'whole']","['the', 'whole', 'must', 'be', 'in', 'balance']"
"['maij', 'weggen', 'report', 'a5', '0323', '2000']","['maij', 'weggen', 'report', 'a5', '0323', '2000']"
"['it', 'increase', 'the', 'power', 'of', 'the', 'big', 'country', 'at', 'the', 'expense', 'of', 'the', 'small', 'country']","['that', 'cause', 'to', 'increase', 'the', 'power', 'of', 'the', 'large', 'country', 'to', 'the', 'detriment', 'of', 'small']"
"['it', 'be', 'our', 'job', 'to', 'continue', 'to', 'support', 'latvia', 'with', 'the', 'integration', 'of', 'the', 'russian', 'population']","['it', 'be', 'our', 'duty', 'to', 'continue', 'to', 'support', 'latvia', 'on', 'the', 'question', 'of', 'the', 'integration', 'of', 'the', 'russian', 'population']"
"['that', 'provision', 'could', 'open', 'the', 'door', 'wide', 'to', 'arbitrariness']","['this', 'point', 'of', 'procedure', 'open', 'the', 'door', 'to', 'the', 'arbitrary']"
"['neither', 'be', 'there', 'a', 'qualified', 'majority', 'within', 'this', 'house', 'to', 'revert', 'to', 'article', '272']","['there', 'be', 'no', 'qualified', 'majority', 'in', 'this', 'parliament', 'to', 'go', 'back', 'to', 'article', '272']"
"['selective', 'aid', ',', 'such', 'as', 'market', 'support', 'and', 'a', 'grass', 'subsidy', ',', 'be', 'essential']","['specific', 'aid', 'as', 'the', 'market', 'or', 'the', 'premium', 'on', 'grass', 'be', 'essential']"
"['it', 'be', 'our', 'job', 'to', 'continue', 'to', 'support', 'latvia', 'with', 'the', 'integration', 'of', 'the', 'russian', 'population']","['it', 'be', 'our', 'duty', 'of', 'continue', 'to', 'support', 'the', 'latvia', 'on', 'the', 'issue', 'of', 'the', 'integration', 'of', 'the', 'russian', 'people']"
"['the', 'vote', 'will', 'take', 'place', 'today', 'at', '5', '30', 'p', 'm']","['the', 'vote', 'will', 'take', 'place', 'at', '17h30']"
"['then', 'perhaps', 'we', 'could', 'have', 'avoid', 'a', 'catastrophe']","['we', 'could', 'perhaps', 'then', 'have', 'avoid', 'a', 'catastrophe']"
['tunisia'],['tunisia']
"['the', 'standard', 'be', 'scarcely', 'comparable', ',', 'let', 'alone', 'transferable']","['the', 'standard', 'be', 'hardly', 'comparable', 'and', 'still', 'less', 'transferable']"
"['then', 'perhaps', 'we', 'could', 'have', 'avoid', 'a', 'catastrophe']","['we', 'might', 'then', 'have', 'to', 'avoid', 'a', 'disaster']"
"['unanimous', 'decision', ',', 'and', 'hence', 'an', 'inherent', 'incapacity', 'to', 'act', ',', 'remain', 'largely', 'the', 'norm', 'in', 'the', 'council']","['we', 'keep', 'unanimity', 'in', 'council', 'and', 'therefore', 'a', 'latent', 'incapacity', 'to', 'act']"
"['neither', 'be', 'there', 'a', 'qualified', 'majority', 'within', 'this', 'house', 'to', 'revert', 'to', 'article', '272']","['it', 'do', 'not', 'exist', 'either', 'qualified', 'majority', 'in', 'this', 'parliament', 'to', 'return', 'to', 'article', '272']"
"['then', 'perhaps', 'we', 'could', 'have', 'avoid', 'a', 'catastrophe']","['we', 'would', 'maybe', 'then', 'have', 'be', 'able', 'to', 'avoid', 'a', 'disaster']"
"['consumers', 'will', 'lose', 'out', ',', 'employee', 'will', 'lose', 'out', ',', 'europe', 'will', 'lose', 'competitive', 'strength', 'and', 'growth']","['consumers', 'will', 'be', 'the', 'loser', ',', 'with', 'worker', 'and', 'competitiveness', 'and', 'growth', 'regress']"
"['thank', 'you', ',', 'commissioner']","['thank', 'you', ',', 'commissioner']"
"['then', 'perhaps', 'we', 'could', 'have', 'avoid', 'a', 'catastrophe']","['then', 'we', 'might', 'have', 'be', 'able', 'to', 'avoid', 'a', 'disaster']"
"['the', 'fisherman', 'be', 'inactive', ',', 'tired', 'and', 'disappointed']","['the', 'fisherman', 'be', 'inactive', ',', 'tired', 'and', 'disappointed']"
"['van', 'orden', 'report', 'a5', '0241', '2000']","['van', 'orden', 'report', 'a5', '0241', '2000']"
['tunisia'],['tunisia']
"['we', 'often', 'pontificate', 'here', 'about', 'be', 'the', 'representative', 'of', 'the', 'citizen', 'of', 'europe']","['we', 'be', 'often', 'here', 'to', 'represent', 'the', 'citizen', 'of', 'europe']"
"['thank', 'you', ',', 'commissioner']","['thank', 'you', ',', 'commissioner']"
"['it', 'increase', 'the', 'power', 'of', 'the', 'big', 'country', 'at', 'the', 'expense', 'of', 'the', 'small', 'country']","['it', 'have', 'the', 'effect', 'of', 'increase', 'the', 'power', 'of', 'the', 'large', 'country', ',', 'to', 'the', 'detriment', 'of', 'the', 'small', 'one']"
"['i', 'be', 'one', 'of', 'those', 'members', 'who', 'attend', 'sitting', 'quite', 'faithfully']","['i', 'be', 'one', 'of', 'the', 'members', 'who', 'be', 'quite', 'honourably', 'here']"
"['consumers', 'will', 'lose', 'out', ',', 'employee', 'will', 'lose', 'out', ',', 'europe', 'will', 'lose', 'competitive', 'strength', 'and', 'growth']","['the', 'user', 'will', 'be', 'the', 'loser', ',', 'with', 'the', 'employee', ',', 'and', 'the', 'competitiveness', 'and', 'growth', 'regress']"
"['neither', 'be', 'there', 'a', 'qualified', 'majority', 'within', 'this', 'house', 'to', 'revert', 'to', 'article', '272']","['there', 'be', 'no', 'qualified', 'majority', 'in', 'this', 'parliament', 'to', 'go', 'back', 'to', 'article', '272']"
"['parliament', 'adopt', 'the', 'legislative', 'resolution']","['parliament', 'adopt', 'the', 'legislative', 'resolution']"
"['the', 'standard', 'be', 'scarcely', 'comparable', ',', 'let', 'alone', 'transferable']","['the', 'standard', 'be', 'hardly', 'comparable', 'and', 'even', 'less', 'transferable']"
"['i', 'be', 'one', 'of', 'those', 'members', 'who', 'attend', 'sitting', 'quite', 'faithfully']","['i', 'be', 'one', 'of', 'the', 'members', 'who', 'be', 'rather', 'present']"
"['unanimous', 'decision', ',', 'and', 'hence', 'an', 'inherent', 'incapacity', 'to', 'act', ',', 'remain', 'largely', 'the', 'norm', 'in', 'the', 'council']","['we', 'preserve', 'the', 'unanimity', 'to', 'the', 'advice', 'and', 'therefore', 'a', 'latent', 'inability', 'to', 'act']"
"['van', 'orden', 'report', 'a5', '0241', '2000']","['van', 'orden', 'report', 'a5', '0241', '2000']"
"['the', 'european', 'union', 'have', 'get', 'to', 'do', 'something', 'and', 'do', 'it', 'quickly']","['it', 'suit', 'that', 'the', 'european', 'union', 'be', 'imply', 'and', 'that', 'it', 'makesit', 'rapidly']"
"['we', 'often', 'pontificate', 'here', 'about', 'be', 'the', 'representative', 'of', 'the', 'citizen', 'of', 'europe']","['we', 'be', 'often', 'here', 'to', 'represent', 'the', 'european', 'citizen']"
"['the', 'fisherman', 'be', 'inactive', ',', 'tired', 'and', 'disappointed']","['the', 'fisherman', 'be', 'idle', ',', 'tired', 'and', 'disappointed']"
"['the', 'fisherman', 'be', 'inactive', ',', 'tired', 'and', 'disappointed']","['the', 'fisherman', 'be', 'inactive', ',', 'tired', 'and', 'disappointed']"
"['thank', 'you', ',', 'commissioner']","['thank', 'you', ',', 'mr', 'commissioner']"
"['consumers', 'will', 'lose', 'out', ',', 'employee', 'will', 'lose', 'out', ',', 'europe', 'will', 'lose', 'competitive', 'strength', 'and', 'growth']","['users', 'will', 'be', 'the', 'loser', ',', 'with', 'employee', ',', 'and', 'european', 'competitiveness', 'and', 'growth', 'r', 'gresseront']"
"['the', 'standard', 'be', 'scarcely', 'comparable', ',', 'let', 'alone', 'transferable']","['the', 'norm', 'be', 'hardly', 'comparable', 'and', 'still', 'less', 'transferable']"
"['let', 'me', 'remind', 'you', 'that', 'our', 'ally', 'include', 'fervent', 'supporter', 'of', 'this', 'tax']","['i', 'want', 'to', 'remind', 'you', 'that', 'of', 'our', 'ally', ',', 'it', 'be', 'of', 'much', 'of', 'this', 'tax']"
"['that', 'provision', 'could', 'open', 'the', 'door', 'wide', 'to', 'arbitrariness']","['this', 'point', 'of', 'the', 'regulation', 'open', 'the', 'door', 'to', 'the', 'arbitrary', 'one']"
"['maij', 'weggen', 'report', 'a5', '0323', '2000']","['mrs', 'maij', 'weggen', 's', 'report', '5', '2000']"
"['mr', 'president', ',', 'the', 'cashman', 'report', 'can', 'be', 'summarise', 'in', 'four', 'word', 'citizen', 'power', 'over', 'bureaucracy']","['mr', 'president', ',', 'the', 'cashman', 'report', 'can', 'be', 'sum', 'up', 'in', 'a', 'few', 'word', 'the', 'power', 'of', 'the', 'citizen', 'on', 'the', 'bureaucracy']"
"['that', 'provision', 'could', 'open', 'the', 'door', 'wide', 'to', 'arbitrariness']","['this', 'point', 'of', 'the', 'regulation', 'open', 'the', 'door', 'to', 'arbitrary', 'power']"
"['unanimous', 'decision', ',', 'and', 'hence', 'an', 'inherent', 'incapacity', 'to', 'act', ',', 'remain', 'largely', 'the', 'norm', 'in', 'the', 'council']","['we', 'maintain', 'unanimity', 'in', 'the', 'council', 'and', 'therefore', 'a', 'latent', 'inability', 'to', 'act']"
"['selective', 'aid', ',', 'such', 'as', 'market', 'support', 'and', 'a', 'grass', 'subsidy', ',', 'be', 'essential']","['a', 'specific', 'aid', 'as', 'the', 'support', 'of', 'the', 'market', 'or', 'the', 'premium', 'on', 'grass', 'be', 'essential']"
"['that', 'provision', 'could', 'open', 'the', 'door', 'wide', 'to', 'arbitrariness']","['this', 'regulation', 'open', 'the', 'door', 'to', 'the', 'arbitrary']"
"['consumers', 'will', 'lose', 'out', ',', 'employee', 'will', 'lose', 'out', ',', 'europe', 'will', 'lose', 'competitive', 'strength', 'and', 'growth']","['the', 'user', 'will', 'be', 'the', 'loser', ',', 'with', 'the', 'employee', ',', 'and', 'the', 'european', 'competitiveness', 'and', 'growth', 'will', 'recede']"
"['we', 'often', 'pontificate', 'here', 'about', 'be', 'the', 'representative', 'of', 'the', 'citizen', 'of', 'europe']","['we', 'often', 'take', 'pride', 'here', 'in', 'represent', 'the', 'european', 'citizen']"
"['it', 'be', 'our', 'job', 'to', 'continue', 'to', 'support', 'latvia', 'with', 'the', 'integration', 'of', 'the', 'russian', 'population']","['it', 'be', 'of', 'our', 'duty', 'to', 'continue', 'to', 'support', 'the', 'latvia', 'on', 'the', 'question', 'of', 'the', 'integration', 'of', 'the', 'russian', 'population']"
"['thank', 'you', ',', 'commissioner']","['thank', 'you', ',', 'mister', 'the', 'police', 'chief']"
"['van', 'orden', 'report', 'a5', '0241', '2000']","['van', 'orden', 'report', 'a5', '0241', '2000']"
"['amendment', 'no', '7', 'propose', 'certain', 'change', 'in', 'the', 'reference', 'to', 'paragraph']","['the', 'amendment', '7', 'propose', 'some', 'change', 'in', 'the', 'reference', 'to', 'the', 'paragraph']"
['tunisia'],['tunisia']
"['the', 'leader', 'have', 'now', 'be', 'give', 'a', 'new', 'chance', 'and', 'let', 'us', 'hope', 'they', 'seize', 'it']","['the', 'leader', 'have', 'today', 'a', 'new', 'chance', 'and', 'let', 'them', 'therefore', 'seize', 'it']"
"['mr', 'president', ',', 'the', 'cashman', 'report', 'can', 'be', 'summarise', 'in', 'four', 'word', 'citizen', 'power', 'over', 'bureaucracy']","['mister', 'preside', 'over', 'it', ',', 'the', 'relation', 'cashman', 'can', 'amount', 'in', 'some', 'word', 'the', 'power', 'of', 'the', 'citizen', 'on', 'the', 'bureaucracy']"
"['unfortunately', ',', 'others', 'separate', 'on', 'the', 'basis', 'of', 'accumulate', 'hatred']","['d', 'others', 'part', 'unfortunately', 'in', 'reason', 'd', 'a', 'collected', 'resentment']"
"['it', 'be', 'our', 'job', 'to', 'continue', 'to', 'support', 'latvia', 'with', 'the', 'integration', 'of', 'the', 'russian', 'population']","['it', 'be', 'of', 'our', 'duty', 'of', 'continue', 'press', 'latvia', 'on', 'the', 'question', 'of', 'the', 'integration', 'of', 'the', 'russian', 'population']"
"['there', 'must', 'be', 'a', 'balance', 'as', 'a', 'whole']","['all', 'must', 'be', 'in', 'balance']"
['tunisia'],['tunisia']
"['the', 'standard', 'be', 'scarcely', 'comparable', ',', 'let', 'alone', 'transferable']","['the', 'standard', 'be', 'hardly', 'comparable', 'and', 'even', 'less', 'transferable']"
"['van', 'orden', 'report', 'a5', '0241', '2000']","['report', 'van', 'orden', 'a5', '0241', '2000']"
"['i', 'be', 'one', 'of', 'those', 'members', 'who', 'attend', 'sitting', 'quite', 'faithfully']","['i', 'be', 'part', 'of', 'the', 'member', 'of', 'parliament', 'who', 'be', 'rather', 'honorably', 'present']"
"['unanimous', 'decision', ',', 'and', 'hence', 'an', 'inherent', 'incapacity', 'to', 'act', ',', 'remain', 'largely', 'the', 'norm', 'in', 'the', 'council']","['we', 'maintain', 'unanimity', 'in', 'the', 'council', 'and', 'therefore', 'a', 'latent', 'inability', 'to', 'act']"
"['the', 'leader', 'have', 'now', 'be', 'give', 'a', 'new', 'chance', 'and', 'let', 'us', 'hope', 'they', 'seize', 'it']","['the', 'leader', 'profit', 'today', 'from', 'a', 'new', 'chance', 'and', 'thus', 'let', 'them', 'seize', 'it']"
"['thank', 'you', ',', 'commissioner']","['thank', 'you', ',', 'commissioner']"
"['parliament', 'adopt', 'the', 'legislative', 'resolution']","['parliament', 'adopt', 'the', 'legislative', 'resolution']"
"['parliament', 'adopt', 'the', 'legislative', 'resolution']","['the', 'parliament', 'adopt', 'the', 'legislative', 'resolution']"
"['it', 'increase', 'the', 'power', 'of', 'the', 'big', 'country', 'at', 'the', 'expense', 'of', 'the', 'small', 'country']","['that', 'be', 'to', 'increase', 'the', 'power', 'of', 'the', 'large', 'country', 'to', 'the', 'detriment', 'of', 'small']"
"['i', 'be', 'one', 'of', 'those', 'members', 'who', 'attend', 'sitting', 'quite', 'faithfully']","['i', 'be', 'one', 'of', 'those', 'members', 'who', 'be', 'quite', 'properly', 'here']"
"['that', 'provision', 'could', 'open', 'the', 'door', 'wide', 'to', 'arbitrariness']","['this', 'regulation', 'open', 'the', 'door', 'to', 'the', 'arbitrary']"
"['as', 'i', 'already', 'explain', 'during', 'second', 'reading', ',', 'there', 'be', 'a', 'crisis', 'underlie', 'this', 'directive', 'amendment']","['as', 'i', 'already', 'explain', 'it', 'in', 'second', 'reading', ',', 'a', 'crisis', 'be', 'locate', 'to', 'the', 'basis', 'of', 'this', 'modification', 'of', 'directive']"
"['maij', 'weggen', 'report', 'a5', '0323', '2000']","['report', 'ratio', 'maij', 'weggen', 'a5', '0323', '2000']"
"['let', 'me', 'remind', 'you', 'that', 'our', 'ally', 'include', 'fervent', 'supporter', 'of', 'this', 'tax']","['i', 'make', 'a', 'point', 'of', 'recall', 'you', 'that', 'among', 'our', 'ally', ',', 'there', 'be', 'enthusiast', 'of', 'this', 'tax']"
"['consumers', 'will', 'lose', 'out', ',', 'employee', 'will', 'lose', 'out', ',', 'europe', 'will', 'lose', 'competitive', 'strength', 'and', 'growth']","['the', 'user', 'will', 'be', 'the', 'loser', ',', 'with', 'employee', ',', 'and', 'european', 'competitiveness', 'and', 'growth', 'will', 'diminish']"
"['as', 'i', 'already', 'explain', 'during', 'second', 'reading', ',', 'there', 'be', 'a', 'crisis', 'underlie', 'this', 'directive', 'amendment']","['as', 'i', 'have', 'already', 'explain', 'in', 'second', 'reading', ',', 'a', 'crisis', 'be', 'on', 'the', 'basis', 'of', 'this', 'amendment', 'of', 'directive']"
"['consumers', 'will', 'lose', 'out', ',', 'employee', 'will', 'lose', 'out', ',', 'europe', 'will', 'lose', 'competitive', 'strength', 'and', 'growth']","['the', 'user', 'will', 'be', 'the', 'loser', ',', 'with', 'employee', ',', 'and', 'european', 'competitiveness', 'and', 'growth', 'will', 'diminish']"
"['mr', 'president', ',', 'i', 'rise', 'in', 'defence', 'of', 'the', 'worker', 'in', 'the', 'industry']","['mr', 'president', ',', 'i', 'would', 'like', 'to', 'take', 'the', 'defence', 'of', 'worker', 'in', 'this', 'sector']"
"['van', 'orden', 'report', 'a5', '0241', '2000']","['report', 'ratio', 'van', 'orden', 'a5', '0241', '2000']"
"['mr', 'president', ',', 'i', 'rise', 'in', 'defence', 'of', 'the', 'worker', 'in', 'the', 'industry']","['mr', 'president', ',', 'i', 'should', 'like', 'to', 'take', 'the', 'defence', 'of', 'worker', 'in', 'this', 'sector']"
"['consumers', 'will', 'lose', 'out', ',', 'employee', 'will', 'lose', 'out', ',', 'europe', 'will', 'lose', 'competitive', 'strength', 'and', 'growth']","['the', 'user', 'will', 'be', 'the', 'loser', ',', 'with', 'the', 'employee', ',', 'and', 'the', 'competitiveness', 'and', 'the', 'european', 'growth', 'will', 'decline']"
"['there', 'must', 'be', 'a', 'balance', 'as', 'a', 'whole']","['the', 'whole', 'must', 'be', 'in', 'balance']"
"['unanimous', 'decision', ',', 'and', 'hence', 'an', 'inherent', 'incapacity', 'to', 'act', ',', 'remain', 'largely', 'the', 'norm', 'in', 'the', 'council']","['we', 'keep', 'unanimity', 'in', 'the', 'council', ',', 'and', 'therefore', 'a', 'latent', 'inability', 'to', 'act']"
"['consumers', 'will', 'lose', 'out', ',', 'employee', 'will', 'lose', 'out', ',', 'europe', 'will', 'lose', 'competitive', 'strength', 'and', 'growth']","['the', 'user', 'be', 'the', 'loser', ',', 'with', 'the', 'employee', ',', 'and', 'the', 'competitiveness', 'and', 'growth', 'european', 'r', 'gresseront']"
"['the', 'fisherman', 'be', 'inactive', ',', 'tired', 'and', 'disappointed']","['the', 'fisherman', 'be', 'inactive', ',', 'tired', 'and', 'disappointed']"
"['thank', 'you', ',', 'commissioner']","['thank', 'you', ',', 'commissioner']"
"['mr', 'president', ',', 'i', 'rise', 'in', 'defence', 'of', 'the', 'worker', 'in', 'the', 'industry']","['mr', 'president', ',', 'i', 'would', 'like', 'to', 'take', 'the', 'defence', 'of', 'worker', 'in', 'this', 'sector']"
"['the', 'standard', 'be', 'scarcely', 'comparable', ',', 'let', 'alone', 'transferable']","['the', 'norm', 'be', 'scarcely', 'comparable', 'and', 'again', 'less', 'transf', 'rables']"
"['selective', 'aid', ',', 'such', 'as', 'market', 'support', 'and', 'a', 'grass', 'subsidy', ',', 'be', 'essential']","['specific', 'aid', 'as', 'the', 'support', 'of', 'the', 'market', 'or', 'the', 'premium', 'to', 'grass', 'be', 'essential']"
"['amendment', 'no', '7', 'propose', 'certain', 'change', 'in', 'the', 'reference', 'to', 'paragraph']","['amendment', 'no', '7', 'propose', 'certain', 'change', 'in', 'the', 'reference', 'to', 'the', 'paragraph']"
"['consumers', 'will', 'lose', 'out', ',', 'employee', 'will', 'lose', 'out', ',', 'europe', 'will', 'lose', 'competitive', 'strength', 'and', 'growth']","['consumers', 'will', 'be', 'the', 'loser', ',', 'with', 'employee', ',', 'and', 'competitiveness', 'and', 'growth', 'r', 'gresseront', 'european']"
"['parliament', 'adopt', 'the', 'legislative', 'resolution']","['parliament', 'adopt', 'the', 'legislative', 'resolution']"
"['the', 'leader', 'have', 'now', 'be', 'give', 'a', 'new', 'chance', 'and', 'let', 'us', 'hope', 'they', 'seize', 'it']","['the', 'leader', 'now', 'have', 'a', 'new', 'chance', 'and', 'let', 'them', 'therefore', 'take']"
"['the', 'standard', 'be', 'scarcely', 'comparable', ',', 'let', 'alone', 'transferable']","['the', 'rule', 'be', 'comparable', 'only', 'good', ',', 'let', 'alone']"
"['amendment', 'no', '7', 'propose', 'certain', 'change', 'in', 'the', 'reference', 'to', 'paragraph']","['amendment', '7', 'offer', 'certain', 'modification', 'in', 'reference', 'to', 'paragraph']"
"['van', 'orden', 'report', 'a5', '0241', '2000']","['report', 'van', 'orden', ',', 'a5', '0241', '2000']"
"['that', 'provision', 'could', 'open', 'the', 'door', 'wide', 'to', 'arbitrariness']","['this', 'regulation', 'open', 'the', 'door', 'to', 'arbitrariness']"
"['the', 'european', 'union', 'have', 'get', 'to', 'do', 'something', 'and', 'do', 'it', 'quickly']","['it', 'be', 'appropriate', 'that', 'the', 'european', 'union', 'be', 'imply', 'and', 'that', 'it', 'do', 'it', 'quickly']"
"['amendment', 'no', '7', 'propose', 'certain', 'change', 'in', 'the', 'reference', 'to', 'paragraph']","['amendment', 'no', '7', 'be', 'propose', 'certain', 'change', 'in', 'the', 'reference', 'to', 'paragraph']"
"['the', 'fisherman', 'be', 'inactive', ',', 'tired', 'and', 'disappointed']","['the', 'fisherman', 'be', 'inactive', ',', 'tired', 'and', 'disappointed']"
"['the', 'vote', 'will', 'take', 'place', 'today', 'at', '5', '30', 'p', 'm']","['the', 'vote', 'will', 'take', 'place', 'at', '5', '30', 'p', 'm']"
"['then', 'perhaps', 'we', 'could', 'have', 'avoid', 'a', 'catastrophe']","['we', 'would', 'perhaps', 'have', 'be', 'able', 'to', 'then', 'avoid', 'a', 'disaster']"
"['the', 'vote', 'will', 'take', 'place', 'today', 'at', '5', '30', 'p', 'm']","['the', 'vote', 'will', 'take', 'place', 'at', '5', '30', 'p', 'm']"
"['we', 'often', 'pontificate', 'here', 'about', 'be', 'the', 'representative', 'of', 'the', 'citizen', 'of', 'europe']","['often', 'we', 'pride', 'ourselves', 'here', 'to', 'represent', 'the', 'people', 'of', 'europe']"
"['the', 'standard', 'be', 'scarcely', 'comparable', ',', 'let', 'alone', 'transferable']","['the', 'standard', 'be', 'hardly', 'comparable', 'and', 'still', 'less', 'transferable']"
"['the', 'fisherman', 'be', 'inactive', ',', 'tired', 'and', 'disappointed']","['the', 'fisherman', 'be', 'inactive', ',', 'tired', 'and', 'disappointed']"
"['as', 'i', 'already', 'explain', 'during', 'second', 'reading', ',', 'there', 'be', 'a', 'crisis', 'underlie', 'this', 'directive', 'amendment']","['as', 'i', 'have', 'already', 'explain', 'at', 'second', 'reading', ',', 'a', 'crisis', 'be', 'at', 'the', 'root', 'of', 'this', 'amendment', 'of', 'directive']"
"['as', 'i', 'already', 'explain', 'during', 'second', 'reading', ',', 'there', 'be', 'a', 'crisis', 'underlie', 'this', 'directive', 'amendment']","['as', 'i', 'have', 'already', 'explain', 'at', 'second', 'reading', ',', 'a', 'crisis', 'be', 'on', 'the', 'basis', 'of', 'this', 'amendment', 'of', 'directive']"
"['the', 'european', 'union', 'have', 'get', 'to', 'do', 'something', 'and', 'do', 'it', 'quickly']","['it', 'be', 'appropriate', 'that', 'the', 'european', 'union', 'mean', 'and', 'that', 'it', 'should', 'do', 'so', 'quickly']"
"['unfortunately', ',', 'others', 'separate', 'on', 'the', 'basis', 'of', 'accumulate', 'hatred']","['other', 'separate', 'unfortunately', 'a', 'accumulated', 'resentment']"
"['then', 'perhaps', 'we', 'could', 'have', 'avoid', 'a', 'catastrophe']","['we', 'might', 'have', 'be', 'able', 'to', 'prevent', 'a', 'disaster']"
"['let', 'me', 'remind', 'you', 'that', 'our', 'ally', 'include', 'fervent', 'supporter', 'of', 'this', 'tax']","['i', 'would', 'like', 'to', 'remind', 'you', 'that', 'one', 'of', 'our', 'ally', ',', 'there', 'be', 'strong', 'this', 'tax']"
"['it', 'be', 'our', 'job', 'to', 'continue', 'to', 'support', 'latvia', 'with', 'the', 'integration', 'of', 'the', 'russian', 'population']","['it', 'be', 'of', 'our', 'duty', 'of', 'continue', 'to', 'support', 'the', 'country', 'on', 'the', 'issue', 'of', 'the', 'integration', 'of', 'the', 'russian', 'people']"
"['the', 'vote', 'will', 'take', 'place', 'today', 'at', '5', '30', 'p', 'm']","['vote', 'will', 'take', 'place', 'at', '17', 'h', '30']"
"['neither', 'be', 'there', 'a', 'qualified', 'majority', 'within', 'this', 'house', 'to', 'revert', 'to', 'article', '272']","['there', 'be', 'no', 'qualified', 'majority', 'in', 'this', 'parliament', 'to', 'go', 'back', 'to', 'article', '272']"
"['let', 'me', 'remind', 'you', 'that', 'our', 'ally', 'include', 'fervent', 'supporter', 'of', 'this', 'tax']","['i', 'hold', 'you', 'recall', 'that', 'our', 'ally', ',', 'there', 'be', 'enthusiastic', 'about', 'this', 'tax']"
"['we', 'often', 'pontificate', 'here', 'about', 'be', 'the', 'representative', 'of', 'the', 'citizen', 'of', 'europe']","['we', 'often', 'take', 'pride', 'here', 'to', 'represent', 'the', 'citizen', 'of', 'europe']"
